N,P,K,temperature,humidity,ph,rainfall,label
79,62,65,30.54,68.48,6.71,49.58,muskmelon
92,54,60,29.96,75.3,7.02,43.5,watermelon
45,76,48,29.97,89.57,7.32,195.66,papaya
66,41,41,23.68,67.55,6.64,148.74,papaya
22,144,164,24.45,78.26,5.88,238.62,apple
40,40,30,27.57,53.37,5.55,114.1,mango
30,140,120,18.25,85.04,6.64,149.36,apple
10,53,29,31.23,54.65,6.62,47.0,mothbeans
32,58,35,32.2,41.49,7.32,42.95,mungbean
21,52,29,25.54,32.98,6.08,55.5,lentil
31,47,37,27.44,68.67,7.92,62.38,blackgram
38,20,50,30.1,76.57,5.59,150.28,coconut
32,17,29,27.68,67.92,5.6,74.66,pomegranate
92,29,21,26.17,63.32,6.66,198.35,coffee
28,15,48,31.96,93.45,5.51,282.82,coconut
34,15,30,22.76,55.19,5.81,74.93,pomegranate
23,112,172,16.98,60.77,5.53,193.35,apple
65,52,26,19.8,67.29,5.63,94.92,maize
72,63,66,34.1,72.85,6.5,197.72,papaya
80,57,67,27.36,77.25,6.46,78.82,muskmelon
91,39,38,32.24,77.63,7.4,257.15,jute
75,74,48,30.12,62.18,7.26,117.45,papaya
16,12,33,28.59,53.87,7.1,135.55,orange
67,78,60,33.88,89.03,7.27,130.98,papaya
35,48,34,20.64,36.11,6.2,69.53,chickpea
99,34,37,27.64,69.74,6.6,147.38,coffee
31,56,16,29.98,57.57,6.38,58.47,mungbean
28,35,40,21.67,58.59,7.41,80.82,orange
40,48,34,29.68,50.74,7.5,79.32,pigeonpeas
96,50,35,20.81,88.27,5.01,174.12,rice
30,19,35,31.67,48.38,6.39,76.33,pomegranate
18,47,17,29.6,30.73,7.64,32.85,mothbeans
94,23,40,23.22,64.22,5.44,182.65,coffee
17,38,28,19.46,54.58,7.56,52.56,lentil
82,16,26,18.63,83.67,6.06,123.78,coffee
36,37,18,25.49,40.3,6.27,63.0,blackgram
102,19,29,24.49,71.71,6.0,233.83,coffee
23,63,32,22.14,16.62,7.16,72.46,chickpea
28,70,21,24.21,26.54,7.27,76.37,chickpea
36,53,27,23.75,31.48,6.04,84.71,kidneybeans
74,49,43,31.6,66.35,6.59,106.41,papaya
38,17,53,25.39,76.12,7.23,126.46,mango
44,50,26,27.79,68.35,6.29,78.99,blackgram
91,38,34,22.87,79.07,6.18,97.96,maize
16,59,29,31.31,40.82,6.37,96.52,mungbean
61,37,25,19.19,69.19,6.88,108.04,maize
26,41,18,29.19,25.0,6.33,101.8,pigeonpeas
19,29,52,29.28,82.94,5.83,296.77,coconut
79,49,50,27.67,79.01,6.24,69.37,muskmelon
89,53,31,24.25,68.57,6.0,80.74,maize
25,59,33,25.64,45.49,6.57,65.22,blackgram
94,57,47,29.66,90.9,6.98,189.77,jute
27,105,175,22.3,77.38,7.06,87.77,grapes
16,60,17,33.14,41.21,6.2,66.39,mungbean
97,58,59,25.38,74.01,6.85,231.22,jute
19,65,22,24.14,43.6,5.72,83.13,kidneybeans
129,41,17,25.6,52.47,6.09,69.28,cotton
10,143,128,22.87,70.17,6.73,119.6,apple
92,52,54,27.72,81.84,6.73,230.32,banana
24,46,25,25.57,53.33,7.77,57.59,blackgram
85,43,58,29.85,57.99,7.3,95.64,watermelon
19,20,35,24.44,70.06,5.7,268.84,coconut
13,38,23,27.55,29.24,6.26,63.95,lentil
18,27,41,30.99,59.14,5.84,126.43,orange
59,79,57,29.85,61.64,7.26,164.82,papaya
21,41,16,22.1,51.0,6.06,136.04,pigeonpeas
34,33,46,18.21,78.32,7.35,158.93,orange
63,48,45,27.86,77.24,5.8,295.42,rice
102,41,48,30.13,59.92,7.29,53.69,muskmelon
38,57,33,30.34,33.22,7.11,75.62,pigeonpeas
95,65,56,26.13,74.85,6.38,68.87,muskmelon
25,15,46,24.45,82.66,7.24,182.02,coconut
86,34,33,23.65,74.05,6.78,219.67,coffee
70,60,42,26.76,90.15,6.06,128.73,banana
29,63,22,28.32,58.03,7.53,96.47,blackgram
53,77,51,34.86,80.11,6.7,161.34,papaya
101,73,54,31.05,76.49,5.67,117.89,banana
130,64,35,34.52,66.22,5.7,90.19,cotton
107,56,65,28.61,55.82,6.07,70.31,watermelon
28,31,21,24.74,51.55,7.04,178.99,orange
80,49,43,24.79,93.59,7.05,275.83,jute
38,54,36,21.22,25.65,6.26,85.46,chickpea
77,58,57,20.36,75.53,5.75,271.58,rice
13,44,23,31.76,43.04,6.14,49.76,mothbeans
24,39,48,28.91,71.07,6.14,115.62,orange
22,21,53,25.46,49.34,6.41,131.71,mango
62,58,50,31.69,83.13,7.17,154.97,jute
38,58,28,31.3,34.11,7.5,56.56,mothbeans
42,40,39,27.19,43.05,7.51,69.69,blackgram
30,10,30,29.42,44.63,7.32,94.37,pomegranate
81,36,23,19.21,56.58,7.48,79.34,maize
27,55,18,30.81,37.69,6.29,61.2,mothbeans
132,41,35,27.2,50.67,7.4,59.09,cotton
54,44,48,28.51,83.8,6.23,165.97,papaya
40,61,36,22.99,42.3,5.63,67.59,pigeonpeas
39,52,32,28.24,43.68,7.19,60.16,mothbeans
23,69,29,20.43,34.51,5.71,82.2,kidneybeans
75,53,48,32.13,92.68,7.34,230.27,jute
35,40,24,31.17,68.79,7.46,96.13,blackgram
22,54,29,20.47,35.57,6.25,40.84,lentil
11,8,32,28.03,91.23,5.97,290.27,coconut
78,51,42,21.5,84.27,5.71,237.55,rice
25,20,22,18.94,81.35,6.73,92.16,orange
90,60,66,26.71,54.09,6.95,45.06,muskmelon
113,65,46,31.71,58.72,6.09,57.78,watermelon
30,69,25,24.89,36.7,6.45,68.3,kidneybeans
81,49,59,24.1,50.99,7.2,81.04,watermelon
94,74,46,34.82,86.68,5.59,148.99,banana
22,55,22,28.57,47.77,5.71,101.11,pigeonpeas
32,50,19,25.26,29.96,6.89,60.86,mothbeans
72,57,64,32.43,78.77,6.25,180.03,banana
87,24,34,18.3,80.19,6.63,241.19,coffee
116,41,17,32.05,52.49,7.02,118.78,cotton
12,29,37,30.01,66.91,6.19,93.51,pomegranate
31,46,33,25.13,38.28,6.8,134.9,pigeonpeas
26,62,32,24.78,30.21,6.7,54.56,chickpea
90,36,29,24.86,76.92,6.18,109.28,maize
16,12,55,28.57,81.38,5.8,217.46,coconut
11,26,45,31.99,52.8,5.97,109.17,pomegranate
99,35,59,20.35,92.82,6.06,298.94,rice
22,45,23,22.9,31.45,6.35,132.63,pigeonpeas
29,138,144,15.23,70.9,6.25,97.13,grapes
33,45,28,26.98,62.21,6.37,54.25,blackgram
16,10,34,26.44,79.0,6.34,164.83,coconut
31,55,21,17.19,35.79,6.55,70.72,chickpea
40,58,18,31.44,63.37,7.15,82.32,blackgram
38,10,52,24.19,79.39,5.72,202.87,coconut
65,49,22,22.99,71.29,7.16,72.39,maize
109,60,64,31.74,93.64,6.32,199.3,banana
21,37,25,34.21,21.4,6.58,40.38,mothbeans
91,75,59,31.82,71.3,7.22,168.74,banana
44,68,33,21.73,41.75,5.7,99.53,kidneybeans
22,11,21,30.76,53.83,6.52,67.02,pomegranate
30,74,36,23.58,18.31,7.72,86.91,chickpea
37,14,60,24.03,70.69,7.15,179.92,coconut
12,39,16,27.92,52.38,5.27,130.89,orange
30,51,30,26.2,47.76,6.06,88.24,pigeonpeas
92,61,66,24.45,92.84,7.17,144.64,banana
107,77,39,31.93,82.51,7.29,237.98,banana
29,135,122,24.1,69.12,6.17,181.56,apple
40,69,36,18.01,35.91,5.58,72.88,kidneybeans
103,38,43,29.28,52.96,6.93,37.18,muskmelon
26,36,31,33.26,53.52,6.53,87.99,mungbean
38,55,35,27.6,53.94,6.86,47.38,mothbeans
35,21,54,31.56,76.82,5.84,222.6,coconut
60,38,38,25.87,69.94,6.7,99.9,maize
25,143,122,16.22,76.68,5.99,166.37,apple
37,29,25,27.71,70.62,7.32,227.76,coconut
36,48,22,20.51,40.11,5.92,70.54,kidneybeans
28,46,18,26.17,39.13,7.8,47.2,mothbeans
23,38,23,26.63,59.37,6.31,43.51,mungbean
19,47,16,26.21,40.1,7.53,56.84,lentil
95,69,65,33.39,55.17,6.04,57.14,watermelon
26,58,22,25.55,38.17,6.63,53.18,mungbean
37,64,37,25.03,48.41,6.45,99.8,pigeonpeas
35,47,32,23.17,53.17,6.77,85.96,pigeonpeas
28,45,17,28.35,36.48,7.14,112.76,pigeonpeas
40,53,19,22.98,40.65,5.65,71.99,kidneybeans
72,57,15,18.77,60.2,5.55,70.89,maize
110,36,37,24.07,85.82,5.03,133.94,coffee
22,58,27,22.85,39.53,6.51,76.17,chickpea
29,125,120,23.6,81.01,6.32,191.44,apple
25,26,45,24.47,59.78,5.58,167.43,orange
120,38,20,28.24,71.63,6.92,118.15,cotton
83,59,49,23.11,87.87,5.92,231.84,rice
36,24,27,28.97,75.88,6.62,293.53,coconut
20,149,155,29.5,70.94,6.12,54.98,grapes
13,51,18,28.47,43.39,6.31,78.31,lentil
91,54,56,34.44,79.96,5.97,83.62,watermelon
31,131,170,20.78,52.59,7.37,68.91,grapes
26,121,142,28.11,62.55,6.93,93.06,grapes
31,56,33,34.95,41.5,7.08,76.67,blackgram
14,21,48,20.06,43.33,7.38,61.98,pomegranate
29,54,40,21.31,22.78,7.22,78.65,chickpea
21,8,42,30.99,92.18,5.52,282.94,coconut
94,47,21,25.84,66.13,6.53,81.55,maize
28,55,24,26.62,42.59,6.98,43.65,lentil
12,143,164,20.79,69.92,6.35,94.46,grapes
93,61,61,31.74,64.78,7.33,69.35,watermelon
93,37,36,27.52,83.7,6.32,231.36,coffee
65,45,40,28.57,79.61,6.98,266.13,jute
100,50,45,33.19,88.25,7.0,179.42,jute
43,55,38,20.25,31.91,5.84,92.02,kidneybeans
106,17,20,22.76,79.61,5.29,144.08,coffee
35,59,33,32.39,29.71,6.56,78.17,mothbeans
22,58,18,20.69,32.19,6.48,107.53,kidneybeans
99,52,40,30.85,75.2,6.51,181.73,banana
40,45,24,20.36,20.48,5.69,80.68,kidneybeans
21,12,31,30.33,93.89,6.33,292.86,coconut
57,79,46,29.64,66.03,7.19,178.37,papaya
60,58,48,31.82,73.54,7.44,126.08,papaya
20,42,19,27.47,42.26,6.83,75.28,mungbean
42,28,25,30.48,61.01,5.91,125.19,mango
25,17,44,27.85,39.09,5.76,87.58,pomegranate
83,52,41,27.62,66.11,7.32,90.79,watermelon
44,60,24,22.53,23.07,6.83,85.15,kidneybeans
81,53,17,18.54,61.18,5.82,112.31,maize
27,109,138,23.31,60.46,5.91,100.37,apple
40,42,17,28.17,40.67,7.01,88.89,blackgram
21,47,44,19.36,34.23,7.25,65.28,chickpea
22,146,103,17.46,56.09,6.3,92.29,grapes
18,150,178,24.88,50.29,5.78,66.1,grapes
82,53,59,30.3,80.11,6.23,132.52,banana
118,42,15,29.28,62.72,7.93,86.15,cotton
94,53,47,20.78,84.83,5.95,175.98,rice
29,13,26,26.91,45.02,5.99,95.17,pomegranate
17,35,28,31.42,46.43,6.73,64.93,mungbean
99,59,65,34.36,82.96,6.2,135.11,banana
96,32,31,23.32,83.05,6.52,200.32,coffee
23,45,20,25.97,37.16,7.2,80.65,mungbean
61,52,19,26.65,58.72,6.33,65.12,maize
29,73,26,20.44,36.82,7.68,57.44,chickpea
43,69,31,23.54,18.01,7.09,50.23,chickpea
40,62,38,20.72,16.5,7.12,88.31,chickpea
16,123,176,17.47,80.05,6.61,167.22,apple
75,54,44,27.45,92.17,5.86,262.63,rice
42,54,19,18.18,36.15,6.46,77.03,kidneybeans
77,44,45,22.43,63.14,6.31,197.01,papaya
95,54,37,33.79,81.79,6.99,171.01,jute
26,50,23,26.82,50.17,6.65,62.91,blackgram
44,45,40,22.74,40.71,5.94,60.72,kidneybeans
43,27,35,28.53,69.1,6.4,165.67,mango
41,41,40,28.65,55.92,5.55,113.56,mango
31,29,59,25.88,72.51,5.8,255.31,coconut
44,53,55,30.09,64.74,7.29,144.75,papaya
35,122,149,16.53,61.99,5.82,119.18,apple
30,65,40,24.42,20.87,6.8,56.1,chickpea
23,28,47,22.35,47.83,6.74,61.16,pomegranate
23,65,41,20.04,34.39,7.93,58.15,chickpea
79,51,45,28.05,59.64,6.24,40.26,muskmelon
28,121,139,20.97,74.17,6.55,165.05,apple
86,54,63,32.84,65.58,7.29,49.57,muskmelon
71,51,55,30.25,79.22,7.37,38.09,muskmelon
50,16,42,28.17,60.26,6.63,111.34,mango
29,36,57,32.78,76.86,7.46,81.07,mango
123,45,36,24.39,58.94,5.53,98.17,cotton
33,25,44,27.91,72.85,5.67,200.93,coconut
33,20,24,27.92,39.44,6.68,83.77,pomegranate
92,42,46,20.63,75.51,6.93,275.4,rice
100,55,46,29.94,73.75,6.71,56.83,muskmelon
91,58,40,30.88,79.8,7.48,221.82,jute
59,57,40,34.05,78.1,6.3,191.96,papaya
22,48,18,30.72,48.19,7.52,37.69,mothbeans
90,46,24,21.34,79.69,5.58,112.02,maize
29,32,42,30.95,50.28,7.4,96.98,mango
103,46,58,32.21,57.24,6.25,78.6,muskmelon
37,58,15,22.98,31.43,6.04,79.8,pigeonpeas
24,60,29,34.49,35.7,6.57,73.28,mungbean
97,47,38,29.04,79.39,6.66,215.8,jute
13,149,103,28.18,58.18,7.24,74.25,grapes
36,18,37,25.66,90.01,6.75,220.21,coconut
115,45,31,24.14,70.38,7.53,97.65,cotton
25,59,18,23.33,33.29,6.36,138.43,pigeonpeas
85,50,58,20.36,80.62,6.9,283.54,rice
20,123,149,22.18,71.76,6.86,184.0,apple
32,26,20,24.8,49.76,5.96,63.97,pomegranate
71,47,37,31.76,79.84,6.05,150.51,jute
46,65,33,19.59,23.33,7.34,89.77,chickpea
112,44,23,33.5,66.71,7.17,129.87,cotton
96,17,25,18.4,85.06,5.42,162.68,coffee
26,40,47,24.27,56.47,6.17,146.94,mango
84,83,53,29.08,77.86,6.66,209.48,banana
42,48,43,25.76,78.82,6.85,161.21,papaya
33,122,159,16.04,83.68,6.3,143.84,apple
44,69,28,17.65,25.07,6.35,77.8,chickpea
70,38,50,22.31,86.62,5.31,222.17,rice
29,47,23,24.24,43.64,6.17,118.62,pigeonpeas
27,41,25,32.31,53.53,6.44,74.31,mothbeans
29,37,16,26.05,53.42,6.82,54.02,mungbean
116,34,25,19.84,88.24,6.06,230.81,coffee
21,19,25,20.47,68.14,5.98,66.8,pomegranate
37,139,171,24.71,66.26,7.34,95.0,grapes
21,52,18,30.71,26.48,6.56,40.94,mothbeans
96,26,39,24.95,81.58,6.13,246.7,coffee
94,59,24,20.44,71.1,6.32,61.52,maize
35,17,49,27.48,83.97,5.62,254.44,coconut
68,39,18,23.73,72.66,5.56,116.17,maize
43,46,22,20.71,37.73,7.08,69.91,chickpea
85,77,58,27.15,81.5,5.89,131.56,banana
80,35,47,20.45,77.38,5.24,247.38,rice
30,20,42,25.49,92.37,6.0,163.7,coconut
111,22,25,23.24,64.05,5.05,139.86,coffee
33,24,41,33.06,44.13,7.39,159.51,mango
71,62,47,32.3,74.33,7.29,79.58,muskmelon
33,136,152,22.58,63.54,6.75,205.84,apple
83,86,46,30.08,71.26,5.59,208.06,banana
33,60,29,31.6,26.55,6.51,117.48,pigeonpeas
41,47,16,29.02,56.95,6.9,87.45,blackgram
39,12,46,29.4,61.0,7.43,108.79,orange
28,57,23,18.45,32.03,6.36,71.01,chickpea
102,48,48,24.43,59.16,6.99,42.85,watermelon
100,72,52,29.55,74.41,7.13,181.26,banana
13,158,103,22.54,75.75,6.05,109.88,apple
30,56,30,22.56,24.71,6.9,59.5,chickpea
64,44,41,34.07,91.31,6.66,228.05,jute
16,49,39,27.7,45.14,6.76,75.92,pigeonpeas
35,14,44,23.8,58.88,7.17,123.2,orange
29,130,150,20.44,82.19,6.56,180.13,apple
33,9,38,24.23,73.43,5.85,158.16,coconut
47,75,70,30.57,72.21,6.39,197.95,papaya
99,60,67,28.32,78.85,6.33,76.06,watermelon
11,56,25,32.75,28.2,6.69,31.51,mothbeans
45,52,66,29.97,75.93,7.02,163.74,papaya
37,67,42,20.23,23.18,7.34,82.31,chickpea
31,24,34,27.8,69.13,7.43,65.07,pomegranate
36,54,40,21.62,30.86,7.6,65.84,chickpea
48,59,71,28.31,70.06,6.12,155.03,papaya
26,44,17,22.11,54.44,7.26,53.73,lentil
37,152,106,16.06,74.86,6.41,141.24,apple
26,26,33,21.1,44.58,7.46,91.74,pomegranate
41,48,34,19.05,39.07,6.97,82.24,chickpea
59,41,52,24.36,58.71,6.79,163.0,mango
33,63,33,24.36,27.42,7.98,84.06,chickpea
11,23,28,20.79,43.08,7.1,109.6,pomegranate
102,46,66,26.84,56.79,6.46,69.93,watermelon
34,57,25,24.96,42.01,6.44,88.47,kidneybeans
36,55,32,25.6,57.68,6.21,64.95,mungbean
108,56,58,29.6,60.93,6.53,61.82,muskmelon
100,44,62,28.37,57.89,6.25,69.87,watermelon
40,60,18,18.66,42.74,6.5,101.46,kidneybeans
97,57,69,27.6,50.55,6.82,65.34,muskmelon
55,29,33,26.28,55.11,6.13,147.73,mango
89,54,49,26.17,84.88,6.05,214.13,rice
29,62,29,32.62,62.47,6.68,71.68,blackgram
26,71,42,23.96,20.97,6.9,89.4,chickpea
120,51,39,30.7,90.51,6.07,135.88,banana
29,62,39,29.43,42.84,7.05,84.39,blackgram
17,49,35,25.2,54.92,6.62,85.69,pigeonpeas
50,44,64,30.84,79.29,7.29,148.64,papaya
15,64,21,28.11,46.2,6.72,85.03,pigeonpeas
29,56,28,32.84,53.94,6.62,97.48,mungbean
23,9,57,30.1,82.03,6.86,284.59,coconut
106,39,20,31.97,53.86,5.55,144.42,cotton
11,136,122,32.25,58.5,6.87,83.71,grapes
35,160,154,24.37,84.81,6.77,185.37,apple
15,41,24,27.11,31.18,7.42,35.95,lentil
109,51,69,29.79,77.58,6.23,109.96,banana
100,19,35,26.88,85.54,5.87,218.63,coffee
11,140,138,18.47,85.87,6.78,103.35,apple
33,22,23,26.75,61.47,7.09,84.62,pomegranate
37,108,166,19.1,89.72,6.21,183.08,apple
24,44,22,30.21,47.63,7.32,70.33,mungbean
75,54,57,30.53,50.96,6.7,76.23,muskmelon
80,41,50,28.88,81.17,6.23,152.54,jute
62,39,44,33.13,92.32,5.87,242.95,jute
38,64,29,24.29,48.63,6.0,105.13,pigeonpeas
86,21,27,25.01,89.59,5.88,187.36,coffee
16,69,33,20.13,40.73,5.92,103.64,kidneybeans
112,61,51,29.91,86.59,7.07,159.22,banana
95,45,35,21.95,64.42,6.43,78.08,maize
89,30,31,25.34,78.63,6.94,145.65,coffee
100,48,30,18.6,73.75,5.92,113.88,maize
37,44,35,26.63,36.9,5.76,129.22,pigeonpeas
35,36,48,27.77,44.32,5.64,138.89,mango
24,64,28,20.44,29.29,5.5,74.99,kidneybeans
22,19,20,32.29,47.59,6.58,97.41,pomegranate
115,60,50,31.52,50.59,6.97,69.22,watermelon
20,47,23,31.93,60.65,6.61,90.58,blackgram
89,58,38,22.06,57.83,7.47,110.33,maize
100,49,54,27.56,91.99,5.49,217.58,rice
21,58,16,25.92,25.7,7.19,37.52,mothbeans
42,52,24,18.41,22.79,6.27,73.38,kidneybeans
40,32,31,24.32,64.2,6.29,109.87,mango
132,39,25,25.53,53.75,5.81,130.58,cotton
69,50,44,23.02,72.78,7.42,121.77,papaya
38,38,34,31.84,38.61,6.07,53.78,mothbeans
113,42,37,22.71,50.3,6.87,98.11,cotton
25,54,22,31.28,37.68,6.22,96.28,mungbean
31,13,33,21.48,65.11,6.59,105.7,orange
87,26,34,20.82,60.6,6.08,244.36,coffee
23,36,16,33.34,34.72,6.09,71.89,blackgram
29,45,25,34.97,35.41,7.01,63.76,mungbean
76,58,44,29.05,94.54,5.9,159.79,jute
101,52,36,28.95,78.32,6.38,139.4,banana
33,64,21,27.96,47.26,7.2,93.81,pigeonpeas
60,80,68,26.01,86.31,7.17,101.54,papaya
32,146,172,19.09,88.59,6.8,144.48,apple
33,16,46,31.46,43.67,5.57,57.13,pomegranate
65,36,38,23.55,74.91,6.46,67.04,maize
45,47,28,31.32,43.15,6.71,96.39,mango
27,23,42,24.23,71.6,6.58,257.82,coconut
33,117,126,21.79,76.9,5.74,146.49,apple
15,59,21,20.03,38.82,6.61,36.58,lentil
82,30,35,22.38,76.64,6.6,199.37,coffee
24,35,17,27.59,20.97,7.26,51.32,mothbeans
14,51,22,29.95,39.41,6.97,60.46,lentil
21,11,27,25.44,73.11,7.33,171.04,coconut
31,49,38,31.41,42.47,7.05,53.3,blackgram
116,27,28,21.33,68.3,6.31,135.58,coffee
40,41,32,33.31,38.99,6.6,64.58,mungbean
122,61,36,25.67,61.43,5.71,141.53,cotton
95,40,40,29.07,64.65,5.55,81.22,watermelon
13,151,125,24.71,63.54,6.94,113.65,apple
21,123,108,33.29,52.73,6.8,70.66,grapes
30,16,37,30.69,88.96,6.14,165.45,coconut
25,156,147,25.77,63.63,5.92,50.19,grapes
111,50,47,25.86,73.25,5.76,67.23,watermelon
99,44,44,26.5,93.94,6.97,263.01,rice
25,19,36,31.13,68.48,5.86,87.96,mango
34,15,54,24.35,77.61,7.28,133.55,mango
73,42,48,24.87,72.94,5.85,266.21,jute
12,30,21,32.53,47.79,7.18,88.82,pomegranate
99,54,50,25.92,94.68,6.62,203.12,banana
25,110,178,17.16,77.96,7.33,76.27,grapes
89,37,40,18.87,85.87,5.78,188.13,coffee
11,20,16,21.26,81.69,5.09,101.98,orange
103,55,31,23.23,54.57,7.98,117.84,cotton
46,21,48,25.41,57.01,5.99,154.84,mango
62,75,62,25.1,85.53,6.84,120.68,papaya
83,40,48,25.36,71.13,6.74,34.71,muskmelon
16,52,23,29.02,50.96,7.79,75.46,mothbeans
116,31,32,24.68,73.48,6.38,129.06,coffee
21,54,38,18.61,31.84,7.94,53.76,chickpea
39,52,34,27.65,41.4,7.36,45.88,mothbeans
20,19,38,21.08,42.94,7.36,113.59,pomegranate
96,57,68,24.76,65.22,6.16,70.5,watermelon
12,36,29,29.58,27.93,7.23,42.64,mothbeans
131,40,31,23.11,73.41,6.23,72.65,cotton
50,74,77,32.74,70.02,6.41,154.92,papaya
93,54,58,34.85,78.13,7.22,93.35,watermelon
38,45,18,32.15,30.27,7.05,64.89,mothbeans
85,51,48,20.72,91.71,5.64,177.98,rice
11,22,44,27.55,85.86,7.16,214.15,coconut
30,49,24,27.76,46.9,6.45,64.62,mothbeans
18,40,28,31.34,40.77,6.03,66.44,mothbeans
91,38,39,22.08,60.9,5.65,70.19,maize
77,45,50,25.08,75.91,5.75,243.88,rice
78,39,35,24.24,60.52,5.66,100.83,maize
28,12,26,30.57,76.89,7.09,193.23,coconut
23,13,21,28.94,55.31,6.62,171.74,orange
35,18,29,28.37,45.65,5.67,50.1,pomegranate
19,54,26,23.24,36.28,6.43,77.62,kidneybeans
102,56,55,25.48,64.88,5.84,47.57,watermelon
28,50,34,31.72,49.25,7.21,97.03,mungbean
32,39,38,33.68,58.3,6.21,88.79,blackgram
83,51,46,22.35,81.57,6.35,262.86,rice
63,59,60,25.59,85.72,5.62,272.07,rice
101,65,37,25.87,52.72,6.45,85.62,cotton
122,42,39,32.36,57.39,5.88,128.53,cotton
35,59,34,22.25,27.65,6.9,89.47,pigeonpeas
20,19,45,29.16,68.02,5.33,101.51,orange
44,50,22,29.69,64.31,6.61,59.63,blackgram
25,50,18,27.57,46.6,6.17,55.87,lentil
84,88,64,31.95,71.95,5.71,173.92,banana
45,29,54,26.77,79.24,6.73,159.35,mango
87,37,36,22.46,67.01,6.68,109.48,maize
11,153,136,20.89,64.18,5.51,136.79,apple
11,10,44,27.16,39.58,5.97,115.28,pomegranate
57,34,41,25.55,40.03,7.12,88.76,mango
121,41,28,32.86,63.47,7.08,104.1,cotton
38,36,18,33.86,48.34,6.85,79.78,mungbean
32,56,22,21.87,44.08,6.7,74.35,pigeonpeas
35,65,21,17.68,32.91,6.14,52.85,chickpea
30,152,135,19.13,82.93,6.37,110.65,apple
91,38,36,27.01,76.73,7.14,256.6,jute
33,62,20,27.05,46.03,6.86,92.65,pigeonpeas
102,19,24,27.31,64.38,6.26,197.08,coffee
82,27,34,19.51,78.35,5.48,232.76,coffee
91,24,20,23.86,70.44,6.31,122.03,coffee
54,49,65,28.62,89.75,7.47,163.5,papaya
20,46,30,19.59,41.41,7.09,39.03,lentil
28,138,151,27.57,66.61,7.47,86.61,grapes
98,41,47,22.41,80.7,5.07,241.43,rice
31,39,13,30.62,54.41,5.98,165.14,orange
22,45,31,25.14,55.98,7.0,87.92,mungbean
57,45,29,32.56,64.34,7.44,117.36,mango
35,63,23,22.51,29.88,6.57,69.96,kidneybeans
33,156,120,26.54,58.24,7.15,50.27,grapes
23,36,30,32.02,43.25,7.01,63.76,mungbean
28,39,50,23.21,60.46,7.15,179.86,orange
33,51,32,30.05,30.09,5.54,122.33,pigeonpeas
88,67,57,24.82,82.59,5.87,186.1,banana
99,47,43,25.07,79.8,5.15,169.33,rice
24,43,21,26.23,43.23,5.99,64.62,pigeonpeas
28,29,36,26.0,68.38,6.78,70.87,pomegranate
60,57,46,24.04,80.04,5.87,243.66,jute
83,43,41,30.83,56.9,6.22,62.69,muskmelon
22,58,36,26.82,47.21,6.33,85.33,blackgram
75,53,59,27.4,64.47,7.44,140.43,papaya
74,70,62,26.71,70.95,7.32,103.92,papaya
28,30,25,23.38,42.41,7.09,63.08,pomegranate
40,53,35,24.24,30.85,6.86,78.87,kidneybeans
23,57,40,18.63,28.88,7.47,74.64,chickpea
20,36,23,33.02,43.65,6.67,80.54,mungbean
38,57,28,33.08,32.76,6.5,58.82,mungbean
40,19,21,27.34,67.92,7.08,109.58,mango
37,56,28,21.38,43.17,5.73,86.98,pigeonpeas
106,57,42,33.21,64.79,7.27,60.04,muskmelon
43,44,60,28.28,41.9,7.1,140.44,mango
23,48,32,34.96,40.4,7.62,46.35,mothbeans
31,54,36,30.87,25.36,6.85,64.15,pigeonpeas
81,64,42,32.09,65.96,6.72,41.17,muskmelon
67,52,45,27.49,77.75,5.68,167.02,rice
28,10,36,20.56,54.92,7.34,117.79,pomegranate
90,49,50,31.94,72.79,7.28,78.64,muskmelon
36,59,26,27.33,29.81,6.85,74.34,pigeonpeas
27,117,175,22.62,89.18,5.56,142.77,apple
27,60,30,27.49,51.54,7.49,91.45,mungbean
65,52,48,26.18,85.4,6.7,232.79,rice
17,47,25,20.07,25.81,5.92,100.17,kidneybeans
33,134,156,24.24,81.37,6.05,206.95,apple
71,41,59,23.14,92.84,6.26,269.22,rice
58,32,34,34.17,40.98,6.66,134.89,mango
67,78,67,33.33,84.82,6.54,160.01,papaya
30,52,17,34.39,26.34,7.25,41.13,mothbeans
139,54,34,23.09,49.82,7.33,93.14,cotton
22,11,37,32.62,69.89,6.36,72.42,pomegranate
33,51,24,24.77,32.93,5.91,98.64,pigeonpeas
43,56,63,33.11,89.23,6.66,106.04,papaya
23,57,33,29.04,27.85,7.09,68.32,lentil
74,52,29,20.4,76.97,7.09,99.51,maize
35,46,24,24.89,39.13,6.01,88.07,chickpea
80,47,47,29.91,76.17,7.07,59.0,muskmelon
105,63,33,31.64,59.98,6.69,61.0,cotton
42,47,33,19.31,41.45,6.73,87.04,kidneybeans
40,75,21,24.82,25.17,7.74,81.3,chickpea
17,49,33,28.96,41.85,6.22,49.09,mungbean
99,37,42,26.67,76.21,6.26,272.72,jute
87,56,49,29.13,85.92,6.1,177.39,jute
18,23,42,26.54,53.87,6.57,98.67,orange
115,46,42,32.67,75.06,5.83,91.26,watermelon
23,33,25,21.42,75.52,6.05,178.14,orange
15,127,133,28.75,57.5,6.78,93.87,grapes
99,53,45,31.69,94.99,6.92,264.25,jute
26,41,21,20.4,51.38,5.99,104.59,pigeonpeas
29,30,46,32.0,40.03,7.37,96.45,mango
17,144,135,17.98,73.68,5.61,219.8,apple
24,30,29,29.68,50.14,7.38,170.59,mango
19,28,38,26.18,67.7,5.6,64.72,pomegranate
68,53,55,28.98,82.66,5.57,160.4,jute
20,55,20,23.98,50.65,5.91,65.69,pigeonpeas
79,42,36,28.5,71.31,6.6,196.09,jute
30,139,176,15.06,57.44,7.36,96.61,grapes
132,57,38,27.81,50.19,5.62,74.65,cotton
13,21,46,27.16,69.81,6.86,55.19,pomegranate
51,65,79,23.45,66.36,6.71,196.86,papaya
26,114,110,18.63,67.66,6.26,244.96,apple
28,52,37,30.69,55.27,7.04,52.56,blackgram
36,60,36,31.19,41.33,5.9,109.34,pigeonpeas
81,49,65,30.09,63.52,6.07,57.88,watermelon
75,62,50,34.41,74.5,6.5,118.15,papaya
21,36,34,26.34,48.71,7.21,71.42,blackgram
36,126,133,15.71,64.94,6.61,77.94,grapes
22,50,31,26.44,50.03,6.11,68.64,lentil
88,45,39,21.25,80.0,6.1,257.19,rice
77,53,46,28.6,89.01,5.85,200.79,jute
80,59,50,33.59,74.73,6.9,109.57,papaya
40,61,22,21.1,35.16,6.92,52.08,chickpea
94,58,46,29.9,88.55,6.89,283.6,jute
102,24,32,22.76,85.08,6.36,208.99,coffee
15,41,15,33.35,54.11,6.27,41.57,mothbeans
31,18,26,26.37,48.49,7.33,103.34,pomegranate
43,79,67,27.43,81.05,7.13,178.0,papaya
22,47,31,31.62,43.11,5.65,66.05,pigeonpeas
31,103,123,23.19,62.4,6.78,113.78,apple
35,51,24,24.42,27.26,6.2,104.51,kidneybeans
19,29,31,21.06,55.75,5.59,130.25,orange
33,49,33,33.17,46.5,6.11,30.34,mothbeans
82,52,51,21.79,89.24,5.47,198.81,rice
31,59,18,29.77,54.07,6.87,64.09,mungbean
87,68,63,26.29,60.13,7.12,81.74,watermelon
10,12,44,31.57,67.03,7.21,97.82,pomegranate
11,29,26,31.58,79.22,5.52,253.37,coconut
12,8,38,31.52,87.32,7.24,204.97,coconut
118,40,16,19.5,72.71,5.37,167.3,coffee
32,15,32,33.48,66.37,6.87,110.13,pomegranate
45,56,32,18.98,32.14,5.54,85.27,kidneybeans
30,46,30,33.24,25.13,7.67,57.01,mothbeans
109,18,16,26.78,62.39,5.3,122.88,coffee
34,50,25,18.28,31.89,6.31,71.39,kidneybeans
70,42,44,20.16,81.44,5.42,199.12,rice
25,41,31,25.06,31.32,6.47,63.26,lentil
65,54,74,27.89,81.79,6.14,139.6,papaya
27,29,28,32.17,36.94,6.58,54.94,pomegranate
28,22,32,26.07,55.79,6.01,114.34,orange
49,69,27,24.84,30.05,7.16,79.92,chickpea
84,22,34,26.53,83.37,6.26,186.82,coffee
32,25,30,31.17,40.32,5.76,74.19,pomegranate
122,54,30,31.35,64.28,6.8,118.18,cotton
22,59,26,27.75,44.83,6.54,75.21,mothbeans
28,57,32,25.1,61.12,6.69,99.33,mungbean
20,139,157,26.72,60.72,6.65,67.11,grapes
31,44,18,30.96,62.58,6.57,47.94,mungbean
27,42,28,21.77,53.74,6.07,61.09,lentil
114,58,22,26.27,48.24,7.84,79.1,cotton
42,58,19,22.87,39.83,5.98,102.86,kidneybeans
52,29,29,28.47,73.05,5.96,132.44,mango
70,44,43,29.73,70.31,7.31,67.46,muskmelon
43,52,36,20.05,42.77,6.63,100.25,kidneybeans
30,16,27,20.77,69.2,5.29,82.31,orange
22,44,19,20.85,30.57,6.83,130.54,pigeonpeas
86,45,22,26.86,65.23,7.29,73.8,maize
102,39,37,19.69,74.2,6.94,168.41,coffee
61,60,49,29.21,93.87,5.81,178.39,jute
114,52,26,30.57,46.52,6.73,79.6,cotton
78,48,26,21.61,68.99,5.81,70.92,maize
13,44,22,19.82,48.95,7.41,43.57,lentil
36,47,19,18.05,35.77,6.17,66.71,kidneybeans
23,21,31,21.22,41.77,7.4,78.61,pomegranate
67,71,71,28.96,83.92,6.89,131.45,papaya
97,48,48,26.39,88.0,6.4,269.37,rice
25,46,20,31.52,43.49,6.61,93.26,pigeonpeas
93,50,56,29.92,66.96,7.07,35.48,muskmelon
38,40,31,30.45,33.11,7.43,54.82,mungbean
27,56,25,24.35,37.85,6.41,75.47,kidneybeans
71,50,38,19.9,70.57,6.76,103.99,maize
111,23,37,24.15,84.67,6.09,148.4,coffee
41,59,28,21.01,27.92,6.15,98.69,kidneybeans
25,61,45,24.5,16.08,6.33,55.27,chickpea
119,61,26,25.7,71.88,7.65,66.4,cotton
27,54,15,33.18,21.4,7.78,79.6,mothbeans
22,157,156,15.42,87.21,6.23,169.05,apple
75,48,62,22.31,82.93,6.87,162.56,papaya
11,14,44,26.81,45.56,6.27,109.81,pomegranate
116,52,35,31.06,74.87,5.53,85.51,cotton
34,32,35,31.05,76.05,5.83,118.14,mango
24,130,159,16.76,70.05,7.29,52.89,grapes
51,36,33,26.89,44.88,6.52,138.53,mango
78,47,42,25.75,71.18,5.89,237.29,jute
79,57,48,31.52,84.7,7.18,192.68,jute
127,52,29,33.17,48.05,6.37,103.83,cotton
14,42,22,29.08,43.79,6.11,31.73,mothbeans
32,18,53,29.78,85.38,5.8,275.39,coconut
31,11,25,26.74,94.22,6.89,210.2,coconut
11,16,54,24.2,86.88,7.36,185.54,coconut
23,135,170,23.64,71.15,5.81,216.27,apple
18,38,29,18.82,75.52,5.82,145.35,orange
52,46,41,29.01,41.23,7.26,81.3,mango
52,36,24,30.03,68.11,7.09,142.91,mango
19,24,28,27.92,71.82,6.61,151.41,orange
96,53,42,33.24,88.12,7.29,117.63,banana
29,151,124,18.54,87.18,6.85,246.47,apple
32,134,105,17.33,67.89,6.05,53.98,grapes
38,65,16,25.97,58.82,6.56,59.22,blackgram
44,58,22,18.54,32.52,6.69,95.35,kidneybeans
12,141,114,21.89,51.85,6.04,88.42,grapes
137,43,22,27.35,52.3,5.82,135.74,cotton
13,53,17,25.48,35.68,7.58,45.52,lentil
103,51,66,28.91,78.57,5.78,165.92,banana
17,51,30,27.19,22.1,6.26,60.3,mothbeans
24,139,176,22.95,61.2,6.0,170.58,apple
83,31,28,23.27,87.8,5.06,220.54,coffee
28,59,22,22.06,25.21,7.36,72.14,lentil
83,38,52,32.05,71.07,6.85,212.2,jute
15,23,17,28.83,66.6,5.88,116.11,orange
13,54,25,28.94,29.4,7.29,45.48,lentil
43,58,32,28.01,37.36,7.51,73.71,blackgram
81,63,41,33.92,79.93,5.99,167.26,banana
24,60,22,20.1,38.58,5.57,105.14,kidneybeans
26,10,26,27.37,68.27,6.27,79.71,pomegranate
110,18,21,21.94,65.1,5.99,181.28,coffee
80,43,42,24.82,89.13,7.47,165.49,papaya
24,56,34,25.54,30.52,6.21,71.58,lentil
35,30,43,26.76,74.65,5.51,226.37,coconut
17,55,23,22.74,35.14,6.05,70.89,kidneybeans
44,50,39,24.96,37.79,6.97,88.48,kidneybeans
35,36,30,28.41,36.75,7.86,46.6,mothbeans
77,80,75,34.97,67.34,7.26,182.3,papaya
46,67,22,22.66,28.59,6.16,68.33,chickpea
88,55,45,31.38,72.62,5.72,68.07,watermelon
23,48,29,34.15,57.04,7.47,135.41,mango
47,29,31,32.04,49.69,5.84,132.98,mango
77,41,35,25.19,72.37,6.04,95.41,maize
89,56,58,27.13,84.64,6.67,166.86,banana
67,40,43,24.2,83.64,5.58,241.78,rice
12,60,18,34.88,54.2,7.59,62.97,mothbeans
36,145,149,18.64,66.3,6.66,172.96,apple
28,62,22,20.14,39.72,6.17,99.92,kidneybeans
15,52,16,19.36,25.12,8.0,71.1,lentil
28,68,32,23.74,33.21,7.55,76.25,chickpea
15,49,33,22.66,44.15,6.64,107.54,kidneybeans
137,38,24,31.22,51.78,7.14,66.42,cotton
22,55,37,31.36,28.18,5.81,135.58,pigeonpeas
26,56,40,21.43,15.13,7.52,51.41,chickpea
39,65,24,17.49,34.52,6.92,52.33,chickpea
106,47,56,29.77,63.43,7.16,56.34,muskmelon
33,152,117,16.68,64.49,6.53,91.46,grapes
19,59,29,21.62,30.65,6.61,39.19,lentil
17,160,114,22.72,66.7,5.62,231.24,apple
39,44,16,28.39,50.24,6.24,79.49,mungbean
16,64,21,23.65,34.12,5.96,60.12,pigeonpeas
46,75,29,20.59,33.05,7.77,73.72,chickpea
110,50,17,22.45,59.06,6.5,63.69,cotton
36,51,20,18.93,39.4,7.6,88.38,chickpea
32,59,31,21.82,51.28,6.58,82.6,pigeonpeas
24,102,132,26.43,78.59,6.53,90.96,grapes
39,108,156,20.06,60.77,6.89,227.78,apple
36,47,19,23.99,25.68,6.76,73.96,kidneybeans
41,60,24,31.87,42.51,6.12,85.08,blackgram
30,40,39,33.53,49.93,7.21,61.36,blackgram
16,61,15,28.44,54.11,6.38,78.8,pigeonpeas
75,54,47,26.21,73.11,6.19,170.63,jute
27,45,20,28.4,45.08,6.9,56.96,lentil
101,38,32,27.58,70.94,7.24,50.81,cotton
35,17,27,27.35,65.03,6.1,86.56,orange
21,27,37,34.99,45.04,6.06,61.18,pomegranate
23,31,17,26.54,75.41,5.79,162.89,orange
26,119,106,23.96,84.08,5.71,216.52,apple
33,41,29,30.66,52.52,6.77,33.31,mothbeans
69,45,51,24.84,85.09,7.36,277.55,jute
13,43,15,22.8,41.5,7.24,64.86,lentil
79,38,21,26.88,58.56,6.5,97.09,maize
63,50,24,23.59,56.14,7.24,118.41,maize
11,14,36,34.02,64.22,7.19,71.22,pomegranate
109,61,67,31.59,60.34,7.34,44.58,muskmelon
93,37,37,22.93,75.43,6.4,98.61,maize
31,45,16,30.99,66.1,6.57,52.98,mungbean
105,17,20,21.38,62.34,5.38,238.47,coffee
76,54,32,19.39,75.4,5.95,73.43,maize
11,40,16,26.92,46.7,6.27,72.62,lentil
42,51,44,19.94,23.17,6.3,62.22,chickpea
26,50,17,34.4,60.21,6.88,89.71,mungbean
15,14,40,26.4,86.42,7.34,210.09,coconut
37,16,33,27.29,87.9,5.72,190.57,coconut
101,38,22,34.64,61.76,6.43,138.87,cotton
30,52,18,22.41,21.36,6.62,75.88,kidneybeans
27,51,35,20.29,36.0,7.8,64.14,chickpea
10,53,22,27.54,20.45,7.08,72.56,mothbeans
70,49,53,30.66,79.8,5.74,267.12,jute
24,47,24,29.32,61.27,6.97,89.7,blackgram
118,44,30,24.41,63.81,5.93,56.38,cotton
67,58,25,21.45,67.97,5.59,69.98,maize
10,57,31,31.27,46.26,6.3,52.92,mothbeans
12,60,28,21.42,42.57,6.22,78.46,lentil
19,55,34,18.5,22.0,6.03,107.09,kidneybeans
76,87,41,26.78,80.17,6.27,219.2,banana
109,46,53,24.79,61.69,6.98,63.19,watermelon
35,132,155,32.67,64.87,6.13,87.68,grapes
22,58,25,28.12,38.38,7.42,67.93,lentil
32,62,28,32.07,40.09,6.89,56.17,blackgram
70,45,54,21.83,76.54,5.58,174.18,rice
29,15,24,23.78,67.23,6.66,87.34,pomegranate
57,15,50,33.93,45.59,5.69,122.46,mango
30,26,38,31.0,75.33,6.15,172.61,coconut
131,62,35,24.54,62.99,6.33,50.92,cotton
13,40,30,25.51,37.24,6.88,46.72,mothbeans
39,51,34,28.03,61.28,7.15,81.5,mungbean
27,57,23,27.15,29.32,6.02,35.9,lentil
32,126,150,21.81,59.03,6.66,74.91,grapes
19,57,20,24.7,51.87,5.91,100.62,pigeonpeas
86,52,52,29.99,74.21,7.02,247.74,banana
81,43,36,21.88,61.22,6.73,102.41,maize
92,60,42,31.37,70.01,7.11,111.89,banana
88,65,65,33.93,74.7,6.15,41.37,muskmelon
12,131,140,17.99,53.12,5.75,55.05,grapes
23,41,29,28.48,28.8,7.73,61.71,lentil
111,53,61,28.25,56.34,6.77,98.56,watermelon
103,89,41,30.57,80.6,6.39,138.12,banana
27,139,112,21.47,65.48,6.63,150.86,apple
49,26,39,30.59,46.85,6.98,110.26,mango
20,52,26,28.43,24.71,6.19,71.58,mothbeans
109,55,56,24.38,82.44,5.81,127.44,banana
30,22,43,31.3,78.2,5.94,158.87,orange
19,20,28,22.3,84.47,7.04,96.47,orange
30,158,120,23.75,87.72,6.51,239.69,apple
83,26,36,22.73,84.88,6.46,147.23,coffee
27,40,35,28.43,71.33,7.43,92.67,mango
81,49,51,25.81,94.52,6.03,198.44,rice
37,113,137,24.41,76.21,7.03,75.65,grapes
32,57,37,17.03,30.49,6.71,81.77,chickpea
44,69,51,32.66,89.87,6.11,147.3,papaya
92,41,32,24.84,69.89,6.44,84.71,maize
101,55,52,33.95,54.88,7.49,35.94,muskmelon
56,64,51,24.28,83.24,7.42,110.04,papaya
83,17,31,22.87,83.71,6.83,170.49,coffee
85,38,38,23.65,63.37,5.78,107.64,maize
13,156,130,15.81,71.62,6.4,177.05,apple
25,44,29,23.32,52.64,6.67,107.43,pigeonpeas
61,41,54,30.45,89.57,6.99,157.59,jute
15,121,123,21.15,87.08,6.94,198.04,apple
23,28,40,26.87,81.01,6.54,244.8,coconut
10,49,34,25.99,49.68,6.03,59.39,lentil
50,37,52,28.75,71.43,6.42,174.1,mango
85,57,57,29.23,66.97,6.55,76.81,muskmelon
85,26,22,21.52,62.83,5.86,247.82,coffee
106,52,20,22.51,46.08,7.58,109.14,cotton
14,31,26,20.89,64.1,5.19,149.54,orange
32,29,42,21.3,58.42,6.32,82.95,pomegranate
34,40,33,31.0,59.25,7.54,98.77,blackgram
87,39,58,26.58,94.0,6.45,242.01,rice
19,55,35,25.3,51.41,7.25,78.67,mothbeans
106,63,52,27.17,61.21,6.5,38.81,muskmelon
93,58,66,24.52,61.56,5.82,81.72,watermelon
18,58,26,21.24,46.07,7.32,79.51,lentil
22,45,32,22.62,42.86,6.03,112.96,pigeonpeas
36,115,170,15.38,71.97,7.37,82.86,grapes
14,44,32,26.55,22.9,6.97,45.12,mothbeans
32,12,41,33.8,44.47,6.24,89.82,pomegranate
113,38,40,21.97,89.73,5.31,152.96,coffee
94,45,59,29.11,64.86,6.36,97.36,watermelon
80,51,58,28.19,89.13,6.7,289.05,jute
95,20,18,25.4,83.1,6.94,220.54,coffee
24,125,167,17.3,60.17,6.48,130.37,apple
101,28,28,18.09,60.05,5.2,133.2,coffee
34,35,22,22.76,82.76,5.41,84.22,orange
29,24,22,25.35,79.45,6.13,91.53,mango
34,62,28,20.14,25.32,5.55,75.2,kidneybeans
84,60,49,26.19,78.09,5.54,66.27,watermelon
38,65,16,29.13,36.15,6.28,120.34,pigeonpeas
133,44,27,33.36,46.58,7.72,71.92,cotton
12,10,11,18.12,53.86,5.6,102.12,orange
89,55,62,30.13,77.87,6.26,67.82,watermelon
88,47,53,34.79,52.66,7.38,54.01,muskmelon
108,38,36,25.36,53.54,7.9,87.91,cotton
40,57,39,22.44,23.16,6.51,76.26,kidneybeans
38,60,45,18.09,32.38,6.81,67.13,chickpea
45,54,33,34.77,45.09,7.6,71.73,blackgram
17,44,27,21.29,25.8,7.47,63.15,lentil
108,37,32,25.35,68.71,5.61,221.79,coffee
18,12,33,21.93,68.17,6.45,72.21,pomegranate
76,50,47,26.84,51.95,7.14,51.37,muskmelon
12,7,45,24.41,78.42,7.01,194.15,coconut
94,76,36,30.84,89.45,6.5,153.63,banana
108,37,40,31.61,58.68,6.38,46.54,muskmelon
87,83,36,33.58,82.82,6.3,174.58,banana
74,53,17,20.84,68.49,7.08,79.13,maize
20,47,25,28.16,49.96,6.81,50.0,lentil
20,143,129,31.67,63.63,6.94,55.37,grapes
94,48,53,26.12,87.21,6.04,274.81,jute
25,52,26,23.8,29.03,7.05,54.59,chickpea
19,45,34,26.41,60.54,6.16,98.88,mungbean
14,37,18,29.08,49.64,6.71,64.51,lentil
39,63,26,28.42,68.46,6.89,74.45,blackgram
99,86,46,31.37,74.7,6.75,150.47,banana
92,19,19,24.39,86.19,5.82,142.04,coffee
60,41,46,27.91,41.97,5.56,135.42,mango
35,45,18,32.38,32.62,7.34,43.53,mothbeans
35,46,23,34.15,28.79,7.69,54.2,mothbeans
108,69,47,32.21,65.62,6.04,86.6,watermelon
25,57,29,33.84,52.16,7.07,59.77,blackgram
29,21,16,27.93,79.91,6.71,81.79,orange
97,53,59,32.52,51.01,6.69,51.2,watermelon
23,120,107,20.63,74.37,5.66,191.87,apple
28,122,133,23.32,69.3,6.91,126.95,apple
68,57,43,24.15,91.08,7.38,248.33,jute
37,55,16,28.68,69.16,6.84,75.1,blackgram
109,62,42,26.43,58.23,6.6,48.67,watermelon
114,61,26,33.9,59.94,6.5,125.04,cotton
71,50,40,23.69,61.5,6.77,92.4,maize
44,61,30,32.01,41.41,7.26,72.78,blackgram
14,103,162,26.41,72.82,5.8,78.59,grapes
47,52,27,23.08,26.24,7.55,52.61,chickpea
17,117,135,18.42,76.2,6.91,54.26,grapes
15,20,50,26.54,83.49,6.88,213.2,coconut
94,90,62,26.32,82.54,5.97,161.43,banana
22,37,18,26.27,34.93,6.78,54.75,mungbean
14,49,29,32.01,46.37,7.75,55.0,mothbeans
130,63,21,32.87,65.7,7.67,129.69,cotton
36,52,18,23.47,36.1,5.57,78.0,kidneybeans
121,37,24,29.81,61.68,6.51,92.9,cotton
84,55,63,26.44,58.08,5.99,99.5,watermelon
12,29,35,27.06,72.29,5.72,259.01,coconut
13,101,113,34.92,55.4,6.51,92.42,grapes
31,103,133,22.05,66.81,6.69,194.62,apple
73,52,46,24.94,74.06,6.64,128.89,papaya
82,42,50,20.24,75.75,6.65,204.03,rice
105,40,46,25.1,60.9,6.5,42.6,watermelon
100,35,49,30.31,92.86,6.51,231.56,jute
27,153,156,17.02,72.89,6.24,108.28,apple
22,159,118,27.24,62.99,5.64,74.39,grapes
22,45,42,26.17,52.69,6.06,133.09,mango
34,16,54,28.27,78.46,6.82,257.66,coconut
28,51,17,29.37,32.76,6.67,53.1,lentil
25,51,24,31.48,32.46,7.22,96.43,mungbean
98,43,66,33.93,55.82,6.2,78.78,muskmelon
17,23,52,27.35,77.43,6.44,163.98,coconut
13,39,48,20.71,55.66,5.6,131.55,orange
71,62,47,34.29,71.52,7.14,40.07,muskmelon
33,13,17,18.17,70.78,7.22,147.07,orange
32,57,24,31.3,30.02,6.5,115.27,pigeonpeas
32,136,126,15.25,82.5,5.82,225.17,apple
22,47,28,23.28,32.69,7.58,70.69,chickpea
21,59,15,32.62,65.73,6.87,76.78,blackgram
80,52,51,32.84,81.3,6.54,271.56,jute
41,56,36,24.25,21.56,6.83,82.42,kidneybeans
12,29,40,28.99,86.66,6.59,180.79,coconut
28,56,22,24.5,28.85,6.61,65.88,chickpea
27,45,32,33.15,41.41,6.75,42.77,mothbeans
17,58,24,29.66,46.62,6.31,54.36,mothbeans
20,123,121,21.86,62.32,6.94,75.58,grapes
41,65,25,22.27,24.85,7.3,54.26,chickpea
22,33,29,31.16,60.28,6.04,158.7,orange
30,36,18,18.63,43.78,6.11,72.64,lentil
39,53,20,31.67,54.94,7.2,74.49,blackgram
99,86,39,29.87,91.99,6.32,172.3,banana
33,12,36,28.22,75.4,7.27,162.81,coconut
15,32,42,27.51,71.24,6.41,166.09,orange
76,35,58,20.73,81.39,6.9,292.59,rice
16,43,19,25.98,68.27,6.9,83.72,mungbean
39,10,48,24.35,71.66,6.6,165.74,coconut
19,111,159,20.04,63.63,6.27,99.1,grapes
38,51,17,29.02,45.51,7.56,35.91,mothbeans
16,29,38,28.81,85.25,6.62,287.2,coconut
38,66,30,18.62,32.19,5.62,80.38,kidneybeans
18,17,41,27.11,90.52,6.4,240.55,coconut
14,41,22,31.74,22.19,6.42,70.45,mothbeans
102,54,56,25.33,71.97,6.55,160.42,banana
23,32,46,27.44,57.16,7.33,106.45,orange
100,61,59,32.92,51.34,6.09,56.81,watermelon
78,54,53,29.92,72.18,7.35,218.34,jute
33,38,15,34.64,45.08,7.21,53.99,blackgram
105,57,68,28.33,65.1,6.02,30.35,muskmelon
75,51,52,26.32,90.92,6.08,178.0,jute
76,41,69,26.53,58.08,6.89,60.51,muskmelon
30,119,126,18.39,80.4,5.59,239.37,apple
120,58,35,34.97,77.03,6.84,126.5,banana
74,44,33,22.07,60.62,6.4,68.45,maize
95,60,51,29.3,62.29,6.56,76.28,muskmelon
41,46,35,34.41,54.93,7.48,90.25,blackgram
33,105,169,23.13,61.0,5.64,107.37,apple
35,48,34,27.28,32.34,6.6,73.72,blackgram
11,40,22,30.11,41.53,7.82,55.49,mothbeans
105,51,52,31.65,78.14,6.58,86.1,watermelon
105,71,58,33.79,81.01,7.3,212.6,banana
108,59,46,29.16,71.61,6.56,63.73,watermelon
15,49,27,29.9,42.57,6.46,57.63,mothbeans
77,58,44,24.11,90.67,5.79,243.31,rice
15,29,47,30.78,83.5,6.33,296.58,coconut
58,24,54,33.5,70.9,5.84,162.18,mango
29,123,177,21.6,78.87,7.3,63.52,grapes
21,27,41,33.24,42.12,7.25,54.18,pomegranate
29,67,20,22.74,35.19,5.94,66.83,kidneybeans
28,140,164,28.18,61.94,6.53,90.15,grapes
104,28,40,26.31,87.35,5.51,220.43,coffee
65,39,38,25.13,78.64,5.69,284.52,rice
108,55,34,32.92,53.77,7.83,105.29,cotton
25,46,31,26.96,62.81,6.97,65.14,mungbean
32,45,20,28.09,69.0,6.82,72.24,blackgram
24,68,25,18.61,35.43,5.67,77.26,kidneybeans
61,58,41,25.3,81.23,6.04,232.01,rice
31,141,126,20.04,78.68,7.35,72.87,grapes
37,141,179,22.67,88.26,5.82,215.72,apple
22,19,37,25.35,40.75,6.51,108.11,pomegranate
36,52,23,29.5,38.54,5.87,128.4,pigeonpeas
79,50,22,24.25,76.5,7.06,62.38,maize
94,57,33,25.53,72.44,6.86,97.12,maize
31,124,130,19.56,65.31,6.45,154.62,apple
17,61,22,25.33,25.66,6.1,100.21,pigeonpeas
19,14,50,28.89,74.46,6.25,220.18,coconut
30,65,34,25.31,46.22,6.28,78.31,pigeonpeas
46,55,65,29.11,66.94,6.52,161.4,papaya
71,71,52,23.06,60.34,6.64,141.03,papaya
35,46,22,24.25,18.48,7.06,66.44,chickpea
29,34,41,22.97,70.1,7.08,148.81,orange
88,36,55,25.02,76.64,6.75,288.13,rice
38,28,33,21.25,51.63,7.36,111.37,orange
18,56,33,20.92,41.52,6.38,39.58,lentil
31,16,37,33.85,79.31,6.77,96.16,mango
103,55,54,28.81,76.7,6.71,230.7,banana
113,59,58,29.97,90.82,5.75,119.47,banana
81,32,24,24.46,70.69,6.35,214.8,coffee
26,102,125,26.51,78.52,7.22,61.42,grapes
71,55,79,27.65,64.51,6.7,167.9,papaya
21,118,117,15.38,61.29,6.81,201.76,apple
35,135,120,19.07,60.21,6.45,64.8,grapes
96,67,52,32.1,64.28,5.75,95.68,watermelon
118,44,39,33.04,70.31,6.78,128.94,cotton
21,60,22,19.45,32.91,5.51,60.38,kidneybeans
93,58,68,31.39,52.24,6.42,93.45,watermelon
20,57,39,21.22,25.25,6.37,67.41,pigeonpeas
22,51,23,19.73,27.81,6.03,74.31,lentil
76,53,45,30.29,67.7,6.45,31.75,muskmelon
86,54,69,27.15,80.6,6.8,103.7,banana
13,44,28,18.85,35.85,7.07,79.83,lentil
33,153,149,16.88,68.56,6.21,243.15,apple
27,54,29,19.08,33.84,6.31,98.1,kidneybeans
42,38,35,31.12,41.79,5.61,125.72,mango
67,57,34,24.94,76.12,7.02,97.57,maize
32,15,33,22.38,56.24,7.15,120.35,orange
48,32,30,33.73,63.08,5.94,106.91,mango
15,23,31,28.09,72.33,7.34,201.59,coconut
67,37,38,23.69,79.13,5.73,225.51,rice
38,37,14,19.85,67.34,5.27,114.56,orange
75,47,57,28.56,83.37,5.54,173.79,jute
116,47,23,27.99,52.55,6.44,129.99,cotton
25,54,28,22.33,50.76,6.85,127.03,pigeonpeas
41,49,20,26.34,68.13,6.15,59.95,blackgram
108,60,67,33.14,63.77,6.38,48.52,muskmelon
33,50,25,26.33,40.45,6.63,75.96,mungbean
61,37,57,33.56,78.93,7.28,239.05,jute
93,42,38,25.57,87.58,6.75,260.26,rice
95,42,40,32.57,79.56,7.21,53.01,muskmelon
47,70,80,32.11,68.88,6.37,121.77,papaya
72,72,70,26.54,73.62,6.89,197.39,papaya
28,42,15,29.96,41.43,7.1,41.44,mungbean
18,131,136,15.23,66.7,6.82,79.6,grapes
59,27,44,24.99,64.24,5.68,175.92,mango
31,53,17,25.36,69.77,6.35,43.23,mungbean
37,46,36,24.61,30.04,7.64,85.37,chickpea
83,48,30,18.16,76.8,7.36,93.91,maize
54,37,46,24.31,73.14,7.08,105.9,mango
22,18,49,23.01,42.54,6.08,62.09,pomegranate
32,22,37,25.36,84.52,6.47,259.33,coconut
36,41,43,28.27,46.83,5.95,137.55,mango
86,42,39,19.36,65.81,7.39,85.18,maize
30,15,55,25.45,83.61,7.4,243.81,coconut
37,55,29,31.8,53.11,6.59,30.06,mothbeans
74,61,46,34.4,77.07,6.42,200.7,banana
27,6,31,26.28,77.07,6.85,152.75,coconut
93,57,35,24.09,83.35,5.44,167.98,rice
24,48,39,30.28,46.04,6.95,104.97,pigeonpeas
63,45,52,29.17,79.59,5.74,186.74,jute
40,74,22,17.46,22.05,6.52,59.88,chickpea
26,7,40,28.65,83.05,6.16,231.37,coconut
19,48,22,30.46,45.18,7.09,80.04,pigeonpeas
56,41,64,22.16,60.04,6.92,118.9,papaya
97,63,65,25.42,64.13,6.6,45.51,muskmelon
22,54,23,26.39,30.43,6.82,98.55,mungbean
90,51,56,25.26,86.37,5.19,205.16,rice
83,47,45,33.79,80.93,5.65,292.0,jute
31,55,26,27.77,52.33,6.69,96.64,blackgram
18,13,29,28.58,50.46,6.19,102.25,pomegranate
11,123,133,16.67,60.69,5.7,198.19,apple
92,57,49,25.84,62.22,5.96,72.09,watermelon
31,71,33,20.83,15.64,6.68,65.21,chickpea
99,69,43,34.41,72.0,6.77,78.72,watermelon
90,50,39,29.88,86.88,6.33,209.6,banana
63,45,50,25.62,89.14,6.99,285.5,jute
63,60,52,25.79,70.31,5.84,275.73,jute
29,46,19,19.94,44.29,6.0,84.1,kidneybeans
38,45,31,27.66,54.66,6.05,60.18,mothbeans
81,68,64,33.21,52.8,6.98,97.6,watermelon
20,50,18,28.08,67.04,6.32,98.29,blackgram
103,67,64,33.96,72.99,6.56,142.68,banana
120,62,22,33.28,64.33,5.55,122.46,cotton
33,63,32,20.62,24.17,6.15,67.13,kidneybeans
93,36,30,20.07,58.01,5.65,101.78,maize
82,56,43,29.07,75.44,6.55,59.55,muskmelon
24,24,27,25.13,83.08,6.37,175.32,orange
14,16,44,33.59,69.13,5.96,111.69,pomegranate
79,50,19,26.92,60.79,7.39,98.98,maize
103,36,41,28.73,54.46,6.84,75.87,muskmelon
22,141,105,26.87,73.16,7.16,58.53,grapes
49,72,72,24.69,70.08,6.2,107.42,papaya
81,51,48,27.1,67.97,6.13,32.91,muskmelon
39,11,41,22.5,51.31,7.29,93.96,orange
73,59,62,32.3,53.01,7.08,63.99,muskmelon
115,34,20,18.72,81.47,5.78,219.59,coffee
23,103,174,24.41,50.87,6.88,74.09,grapes
97,19,36,21.49,72.0,6.79,184.56,coffee
82,27,25,25.79,70.65,6.97,143.5,coffee
84,36,58,31.55,70.85,7.14,180.04,jute
134,42,15,30.05,58.74,6.92,139.93,cotton
27,21,32,26.3,54.67,5.51,55.5,pomegranate
102,35,40,30.56,55.96,6.68,76.66,cotton
38,56,22,24.3,22.9,6.93,75.7,kidneybeans
26,26,12,23.58,59.48,7.5,110.84,orange
92,42,55,26.99,70.83,6.53,179.5,jute
31,62,23,23.42,39.32,6.28,108.8,kidneybeans
19,108,116,26.75,51.92,7.22,98.07,grapes
26,136,177,26.79,64.14,6.65,96.4,grapes
33,54,33,20.52,17.64,7.28,58.64,chickpea
22,46,33,25.42,58.74,6.7,83.1,mango
25,10,43,30.7,47.82,5.61,102.85,pomegranate
71,76,53,34.9,63.08,6.08,185.56,papaya
35,68,37,23.36,39.71,6.5,73.01,kidneybeans
75,51,59,24.45,92.97,6.72,271.1,jute
28,19,50,20.82,47.43,6.46,85.22,pomegranate
36,54,18,31.9,67.8,7.02,59.9,mungbean
43,48,66,33.11,67.58,6.49,153.71,papaya
40,65,29,21.64,23.57,6.66,73.57,kidneybeans
11,50,15,32.87,30.73,6.08,59.42,mothbeans
19,22,54,26.88,80.67,7.46,267.59,coconut
15,58,28,26.65,32.71,7.44,36.27,lentil
31,19,26,22.87,61.91,6.03,103.71,pomegranate
43,30,23,29.11,72.83,6.73,163.22,mango
13,52,27,27.06,34.28,6.9,53.25,lentil
29,54,29,26.26,41.59,6.48,60.68,blackgram
94,65,52,30.37,74.73,7.3,201.13,banana
102,47,62,29.85,74.27,7.06,52.9,watermelon
116,78,39,27.92,84.81,7.17,106.55,banana
112,47,62,34.38,65.83,6.58,67.66,watermelon
23,13,43,18.39,79.19,5.35,168.66,orange
61,38,35,19.61,71.32,5.98,65.97,maize
11,47,17,22.81,35.52,7.55,71.14,lentil
94,85,53,34.23,82.09,6.48,117.96,banana
44,57,37,22.12,29.38,5.93,70.16,kidneybeans
50,73,65,33.87,66.96,6.18,100.61,papaya
23,56,15,28.08,39.65,6.35,44.09,mungbean
34,26,45,26.45,75.44,6.15,244.27,coconut
107,35,21,25.06,57.66,7.8,137.92,cotton
14,20,34,33.51,67.55,6.27,84.42,pomegranate
48,62,58,33.41,63.0,6.39,175.18,papaya
73,54,18,18.68,73.2,6.49,101.3,maize
125,38,35,34.89,60.94,7.21,73.73,cotton
20,131,143,17.68,87.35,6.05,106.83,apple
33,120,111,32.16,59.27,6.82,78.32,grapes
81,43,35,27.39,76.97,6.29,169.78,jute
69,41,47,33.88,73.74,7.15,193.7,jute
109,44,69,33.03,56.13,5.87,47.54,watermelon
94,20,20,19.87,74.67,6.6,193.97,coffee
25,35,16,34.77,39.69,7.33,91.95,blackgram
48,38,35,34.46,40.89,6.11,172.11,mango
114,62,17,34.74,63.49,5.96,117.91,cotton
91,40,35,26.52,89.14,6.46,265.69,rice
30,22,12,28.98,73.75,6.18,169.98,orange
19,131,131,26.29,53.44,7.49,71.28,grapes
43,45,40,29.85,37.17,7.78,73.02,blackgram
29,49,33,30.58,68.39,6.07,45.88,mungbean
83,55,61,32.71,67.49,7.32,96.52,watermelon
83,46,37,25.36,63.55,6.02,82.78,maize
21,38,23,19.19,43.69,6.89,70.01,lentil
33,67,26,22.25,35.78,6.39,95.13,kidneybeans
27,117,129,16.68,51.57,6.01,53.71,grapes
61,38,36,25.09,81.29,6.02,286.13,rice
27,18,13,18.7,54.04,5.18,156.06,orange
32,62,33,21.86,34.12,7.63,78.72,chickpea
17,102,133,20.78,74.27,7.1,72.85,grapes
76,59,64,27.37,58.66,7.41,71.28,muskmelon
25,122,150,22.94,68.42,6.34,206.31,apple
26,58,25,29.4,41.07,6.79,73.17,lentil
21,55,22,25.87,39.49,7.69,69.8,mothbeans
19,45,28,31.82,31.03,6.27,61.62,mothbeans
65,53,38,19.62,60.94,7.44,70.86,maize
30,72,21,22.31,39.08,7.12,87.47,chickpea
12,27,30,22.67,43.38,6.34,67.58,pomegranate
88,57,68,25.62,79.13,7.39,93.07,watermelon
23,35,34,20.69,70.34,6.26,119.86,orange
22,39,28,34.71,39.68,7.43,33.42,mothbeans
84,48,21,19.59,60.51,5.87,106.78,maize
29,58,19,29.37,42.51,7.4,63.39,pigeonpeas
33,14,38,26.09,36.44,6.19,68.57,pomegranate
31,62,29,27.59,29.69,6.45,117.31,pigeonpeas
20,113,139,15.39,70.14,6.55,94.93,grapes
15,39,32,25.42,34.67,6.34,73.97,mothbeans
37,57,16,24.7,43.57,6.68,109.57,kidneybeans
20,49,32,27.02,52.71,7.38,71.16,mothbeans
84,33,17,22.96,74.18,5.62,233.15,coffee
25,121,171,16.66,64.49,6.37,198.62,apple
130,38,26,22.23,46.01,6.71,79.82,cotton
28,49,32,29.9,29.91,7.38,65.34,lentil
100,41,40,29.79,83.43,6.38,265.78,jute
102,56,68,28.21,88.24,5.54,130.78,banana
13,113,115,23.56,69.75,6.03,50.6,grapes
37,39,16,32.17,49.02,7.27,63.0,mungbean
45,62,64,31.17,80.41,6.44,133.03,papaya
74,37,38,19.23,78.76,6.39,71.11,maize
69,44,41,30.37,89.95,7.07,204.68,jute
89,59,63,34.85,55.41,7.03,60.33,watermelon
28,49,38,29.93,45.92,6.93,96.94,pigeonpeas
44,46,27,28.55,57.3,7.32,85.77,blackgram
17,47,28,33.29,61.34,6.42,96.45,mungbean
44,51,26,18.32,23.26,7.51,70.78,chickpea
19,52,33,22.97,44.22,6.83,73.02,pigeonpeas
62,42,55,25.99,78.69,5.42,205.57,rice
61,47,56,33.85,93.91,7.26,237.01,jute
87,41,50,26.83,78.34,6.38,229.38,jute
98,54,19,25.82,67.19,7.29,107.99,maize
36,16,48,22.79,65.41,6.77,138.77,orange
100,39,42,34.76,78.71,6.09,52.16,muskmelon
38,132,160,19.39,82.38,5.81,155.66,apple
73,58,64,25.48,79.38,7.48,104.91,papaya
43,35,29,32.41,49.4,6.17,98.62,blackgram
83,58,48,29.8,65.52,7.35,72.94,watermelon
43,50,32,17.07,21.17,7.45,89.67,chickpea
11,21,46,21.84,59.56,5.76,141.23,orange
23,30,34,20.87,44.18,6.37,60.98,pomegranate
51,76,62,27.37,62.18,7.07,170.29,papaya
19,131,147,22.9,79.69,6.41,161.77,apple
44,47,32,21.46,29.69,6.45,95.19,kidneybeans
17,60,32,18.8,29.6,6.18,78.45,kidneybeans
108,56,51,27.74,68.62,7.28,69.77,watermelon
90,16,40,21.4,69.36,6.81,196.06,coffee
58,27,42,25.05,48.02,6.33,100.62,mango
27,17,48,33.68,42.33,5.58,101.89,pomegranate
37,37,30,32.4,38.44,7.68,51.52,blackgram
110,43,31,31.91,71.29,7.63,146.49,cotton
22,46,18,20.37,40.06,6.36,85.63,kidneybeans
26,28,47,25.38,87.07,6.35,238.73,coconut
72,43,53,25.1,92.74,5.94,167.94,rice
14,56,26,27.15,46.41,6.42,60.6,lentil
99,54,18,24.82,55.61,5.54,79.42,maize
26,49,35,23.2,31.1,7.06,51.68,chickpea
103,49,50,29.71,74.56,6.19,72.88,muskmelon
14,29,48,31.95,63.13,6.5,165.63,orange
19,21,44,25.43,53.35,6.84,68.86,pomegranate
40,51,24,17.79,31.51,7.53,60.6,chickpea
14,39,23,29.12,46.31,6.84,58.28,lentil
89,42,29,22.28,71.59,7.37,103.95,maize
41,62,30,24.25,24.63,5.62,71.98,kidneybeans
32,5,44,30.35,76.66,6.71,250.34,coconut
107,39,53,28.45,64.94,6.69,55.94,muskmelon
109,64,50,25.9,50.08,6.4,61.15,watermelon
25,43,26,28.25,21.37,6.54,30.32,mothbeans
69,36,22,23.36,56.29,6.49,95.81,maize
67,58,30,21.61,66.55,7.39,69.2,maize
12,46,20,28.43,49.21,7.87,39.29,mothbeans
39,59,35,18.34,33.42,7.73,58.67,chickpea
43,50,23,32.37,31.47,6.95,66.82,blackgram
84,16,34,22.25,89.87,5.19,231.23,coffee
46,67,64,25.83,60.41,6.12,139.17,papaya
33,64,28,22.44,21.77,5.88,78.09,kidneybeans
98,37,53,30.59,55.62,6.67,60.05,muskmelon
36,25,19,20.38,50.01,6.8,91.11,orange
40,53,25,29.73,64.18,6.68,93.48,blackgram
13,51,20,26.61,48.3,7.35,62.65,lentil
83,46,33,22.38,76.84,7.3,85.3,maize
22,52,19,31.42,29.09,7.77,74.78,mothbeans
22,21,45,22.58,63.27,6.89,88.91,pomegranate
24,42,17,26.67,25.15,7.95,67.96,mothbeans
89,61,63,29.01,70.94,6.28,49.59,watermelon
111,56,58,26.21,58.62,5.82,54.96,watermelon
25,48,33,26.96,30.9,7.29,74.63,mungbean
66,42,44,23.65,90.7,5.4,227.14,rice
70,53,55,33.73,52.52,7.02,64.01,muskmelon
32,46,15,28.68,41.07,7.17,125.71,pigeonpeas
92,43,37,25.47,83.8,5.24,224.28,rice
80,42,58,29.04,73.19,6.37,169.06,jute
17,45,31,33.24,33.46,6.92,45.16,mothbeans
28,47,22,24.15,19.8,6.65,59.07,chickpea
74,55,58,27.74,87.7,6.61,138.4,banana
11,51,26,26.03,26.04,7.14,44.82,mothbeans
31,47,21,18.08,39.08,7.1,88.63,chickpea
27,46,34,23.43,29.28,6.78,77.83,lentil
120,63,66,31.16,75.69,5.72,60.86,watermelon
32,37,25,31.2,51.33,5.5,92.69,mango
94,25,24,26.26,73.56,6.05,247.72,coffee
62,51,50,23.78,85.47,6.92,118.65,papaya
19,41,33,22.02,53.57,7.07,63.42,lentil
48,71,78,31.32,86.44,6.96,138.77,papaya
84,70,68,24.86,78.0,6.23,90.68,watermelon
37,63,37,23.44,21.75,7.65,69.93,chickpea
28,51,25,26.2,42.48,7.2,91.69,mungbean
77,45,62,32.57,70.01,6.35,59.4,muskmelon
31,55,39,18.78,30.56,5.56,97.0,kidneybeans
25,36,20,34.56,68.15,6.53,42.59,mungbean
67,54,49,26.87,68.16,6.13,183.01,papaya
39,52,25,21.96,48.59,6.97,90.75,pigeonpeas
39,49,25,25.85,39.21,6.76,60.36,mothbeans
90,51,58,32.61,74.52,7.1,246.26,jute
29,50,19,31.26,52.86,6.28,43.58,mungbean
89,56,57,34.39,55.87,6.78,89.04,watermelon
28,136,166,23.5,58.26,6.03,76.81,grapes
42,66,45,18.03,17.6,7.45,73.14,chickpea
98,62,51,24.21,53.02,6.49,81.4,watermelon
60,25,26,26.65,77.45,6.54,116.48,mango
22,15,25,30.2,62.71,7.38,174.63,orange
36,27,39,30.56,81.56,5.82,175.25,orange
90,50,59,23.0,80.71,6.74,183.54,rice
62,50,52,20.13,85.24,5.45,246.78,rice
23,126,107,29.37,56.41,5.89,70.64,grapes
70,47,21,26.89,78.6,5.58,102.33,maize
19,52,20,26.91,26.46,6.68,51.5,mothbeans
13,53,19,20.82,39.83,7.83,44.53,lentil
116,37,28,26.5,65.17,7.88,98.56,cotton
79,52,39,21.54,75.82,5.34,191.79,rice
12,157,151,23.77,80.28,6.04,176.9,apple
18,19,15,30.11,67.27,6.43,136.94,orange
36,137,101,28.9,62.54,6.63,82.45,grapes
16,57,23,30.78,51.64,6.15,132.08,pigeonpeas
26,20,44,24.79,77.97,5.6,209.35,coconut
81,38,58,33.84,74.75,6.19,242.02,jute
34,14,14,30.91,76.29,6.47,156.92,orange
27,31,39,27.33,80.48,7.18,137.89,orange
37,66,34,19.0,38.84,6.65,92.93,kidneybeans
130,61,23,27.11,55.7,7.58,54.43,cotton
84,58,49,25.76,66.34,6.56,44.55,watermelon
109,81,43,34.14,84.81,6.26,175.29,banana
93,57,44,29.6,73.69,6.72,184.86,banana
93,62,64,31.23,59.45,6.81,34.56,muskmelon
17,11,25,19.98,74.86,6.65,84.4,orange
13,120,130,19.29,67.55,6.39,51.71,grapes
19,56,26,26.89,58.82,6.77,76.26,mungbean
27,47,24,18.78,40.21,6.92,63.62,kidneybeans
16,104,126,17.87,71.3,6.57,57.19,grapes
65,59,50,21.83,88.43,6.24,203.72,rice
70,37,57,27.2,87.66,5.68,202.38,rice
49,44,79,25.85,86.13,6.01,102.1,papaya
18,39,23,33.01,33.72,7.5,36.27,mothbeans
33,53,21,29.83,47.17,6.15,55.31,blackgram
92,42,39,26.0,91.14,6.98,211.89,rice
18,39,34,33.8,66.28,7.49,52.5,mungbean
35,49,26,22.31,22.09,6.82,100.18,kidneybeans
26,37,33,26.21,42.11,7.06,78.22,blackgram
19,40,19,28.87,32.05,6.6,70.7,mungbean
67,59,54,27.52,92.9,6.2,288.28,rice
28,56,30,18.59,50.31,6.88,50.41,lentil
94,71,44,29.0,81.77,6.91,241.1,banana
33,67,33,18.84,42.56,5.6,86.7,kidneybeans
70,44,54,20.12,77.32,5.09,156.11,rice
67,56,60,34.87,66.42,6.63,129.18,papaya
90,48,21,26.1,64.6,6.59,114.39,maize
40,56,23,19.82,24.87,5.59,77.12,kidneybeans
93,75,51,26.07,82.7,6.56,221.59,banana
26,73,23,23.54,24.52,7.76,84.72,chickpea
31,52,22,21.83,31.71,7.24,68.54,chickpea
48,16,54,28.93,65.47,5.94,147.71,mango
74,56,45,32.86,57.5,6.63,47.52,muskmelon
80,49,57,28.14,66.05,7.25,94.75,watermelon
30,63,30,33.35,58.41,6.23,86.8,blackgram
114,71,53,30.36,88.73,7.43,111.03,banana
91,20,39,18.19,88.96,5.3,226.53,coffee
76,43,57,24.54,73.41,5.66,276.47,jute
31,21,39,31.27,94.24,5.85,183.45,coconut
129,39,28,25.63,49.83,6.57,63.1,cotton
25,36,16,30.51,35.34,7.68,38.03,mothbeans
25,66,25,21.29,17.42,6.9,80.25,chickpea
30,59,18,29.72,33.66,6.94,73.03,mungbean
47,66,55,34.77,79.96,7.43,120.14,papaya
39,46,25,27.47,36.48,7.32,67.56,mothbeans
104,44,37,22.94,71.28,6.81,90.83,cotton
30,57,31,30.83,59.21,6.55,78.46,mungbean
81,50,53,30.12,70.18,6.58,42.57,muskmelon
109,52,48,29.56,84.01,6.96,153.23,banana
19,108,168,20.87,86.67,6.91,108.04,apple
92,55,37,23.96,76.15,6.1,216.23,rice
83,58,65,28.24,75.16,6.16,71.89,muskmelon
65,57,50,25.43,90.78,6.0,163.04,rice
27,56,32,32.09,34.22,7.26,80.26,mungbean
91,66,41,24.84,58.22,5.9,53.91,watermelon
101,39,38,27.97,47.33,7.9,137.9,cotton
24,57,41,20.07,29.3,7.18,57.38,chickpea
107,57,68,28.87,67.98,6.45,95.97,watermelon
30,61,38,18.13,31.92,6.53,96.14,kidneybeans
91,50,61,28.05,66.66,5.7,88.3,watermelon
36,29,32,26.48,76.01,6.22,287.2,coconut
28,37,22,20.98,54.64,6.78,67.97,lentil
30,125,114,28.78,66.95,7.22,55.87,grapes
33,31,23,25.64,55.15,6.13,168.12,orange
64,56,18,21.58,74.93,5.8,73.76,maize
65,48,54,21.73,87.46,5.17,157.75,rice
66,53,31,18.24,60.55,5.96,100.31,maize
39,71,31,21.12,27.22,7.33,55.59,chickpea
98,45,59,27.24,78.92,5.14,165.12,rice
27,44,31,33.21,36.71,6.7,48.13,mothbeans
63,49,59,24.18,87.59,6.39,218.18,rice
101,64,64,30.4,73.42,5.88,43.0,watermelon
39,16,43,25.17,83.78,5.79,241.68,coconut
88,49,15,20.94,67.94,5.68,81.04,maize
90,37,30,20.21,64.73,6.08,81.34,maize
16,57,33,22.2,27.5,7.45,49.02,lentil
41,54,31,26.28,56.01,7.96,95.59,blackgram
77,36,22,22.87,70.84,6.02,68.36,maize
88,40,38,20.12,82.01,6.18,208.84,rice
103,40,24,22.58,69.74,5.37,138.61,coffee
29,15,46,30.09,83.64,6.76,290.29,coconut
24,38,35,27.15,22.35,7.19,66.94,mothbeans
27,26,43,31.33,85.7,7.18,172.25,coconut
15,16,34,34.15,67.61,5.91,75.08,pomegranate
90,39,37,25.85,55.73,7.15,67.73,maize
33,51,29,20.31,35.69,7.47,80.77,chickpea
95,59,62,26.31,76.54,6.73,65.72,watermelon
17,51,33,27.28,45.19,5.66,136.12,pigeonpeas
113,69,68,34.0,65.37,6.22,67.9,watermelon
20,37,28,21.04,49.11,7.64,79.05,lentil
104,39,57,26.42,71.14,7.36,51.73,muskmelon
95,55,41,21.37,88.37,6.86,233.51,rice
76,53,59,32.9,93.51,5.78,160.68,jute
11,50,32,18.21,26.47,7.15,71.88,lentil
26,53,16,28.26,48.74,6.3,99.23,blackgram
85,53,58,28.65,77.13,6.75,53.24,muskmelon
74,58,36,26.69,58.11,6.96,116.3,maize
17,53,19,31.65,28.4,6.31,119.03,pigeonpeas
99,39,50,23.05,94.4,6.68,275.75,rice
27,57,21,29.68,41.68,6.82,51.37,mothbeans
72,55,67,33.04,55.52,6.44,65.85,muskmelon
105,62,69,33.68,50.06,6.57,70.93,muskmelon
23,155,179,17.12,56.99,7.4,97.92,grapes
34,25,28,28.86,60.25,7.38,111.71,pomegranate
109,43,65,32.06,68.33,7.14,64.25,watermelon
112,35,31,22.58,85.94,6.85,123.09,coffee
109,60,18,29.54,71.64,6.68,124.66,cotton
114,54,37,24.39,70.21,5.8,71.5,cotton
44,63,23,30.71,66.38,6.01,90.53,blackgram
24,22,21,26.05,57.72,6.9,94.67,pomegranate
34,69,36,18.17,42.46,6.67,99.02,kidneybeans
43,49,41,23.26,32.72,6.07,62.13,chickpea
80,66,62,31.95,85.2,7.21,101.65,papaya
42,70,25,21.05,36.02,7.47,71.69,chickpea
100,62,44,26.78,71.95,5.83,61.08,watermelon
84,36,65,34.11,74.62,6.19,79.9,muskmelon
73,55,15,21.0,64.95,6.57,115.19,maize
97,40,49,31.01,83.05,6.37,178.8,jute
26,41,30,30.13,42.83,6.89,99.74,mungbean
20,57,32,17.15,21.5,7.52,55.48,chickpea
44,72,77,31.84,84.67,6.32,126.36,papaya
87,47,36,31.22,91.05,6.94,274.49,jute
86,49,44,27.89,87.12,5.47,165.27,rice
95,57,60,29.71,61.64,6.56,62.0,muskmelon
80,49,47,21.56,89.45,5.56,153.65,rice
101,30,29,24.54,69.23,5.25,218.9,coffee
100,44,19,29.66,52.63,6.15,98.83,cotton
34,58,28,20.82,36.13,7.34,106.76,pigeonpeas
33,54,20,27.12,31.66,6.64,77.99,blackgram
76,37,59,29.72,77.24,6.54,44.36,muskmelon
33,24,34,29.83,88.69,6.29,181.56,coconut
75,59,53,24.79,78.12,5.31,158.71,rice
20,20,12,26.38,79.92,5.95,154.0,orange
50,34,54,24.37,54.67,5.97,124.73,mango
30,46,56,26.16,64.55,5.68,119.15,mango
87,58,47,27.21,54.84,6.56,72.35,muskmelon
94,59,39,27.41,84.84,5.52,218.87,rice
35,132,117,20.25,76.65,6.61,132.98,apple
33,58,24,26.19,50.5,6.52,62.49,mungbean
70,63,58,26.02,75.07,6.51,175.7,papaya
94,78,37,26.13,75.36,6.98,128.37,banana
23,52,37,30.83,58.72,6.74,54.62,blackgram
94,49,66,25.32,69.32,7.14,67.97,muskmelon
17,103,156,23.5,73.02,6.89,188.54,apple
16,14,31,24.85,92.67,7.5,174.62,coconut
48,72,71,23.89,73.91,7.16,133.73,papaya
26,41,27,27.95,28.56,6.08,91.83,pigeonpeas
105,30,40,26.87,72.33,5.74,158.59,coffee
16,101,119,21.79,66.93,6.26,233.17,apple
19,132,133,17.74,63.94,6.73,249.42,apple
68,39,19,25.33,71.63,6.55,81.53,maize
38,55,33,26.99,41.37,6.43,62.62,mungbean
35,104,175,24.86,62.66,5.94,155.86,apple
22,38,15,28.91,33.09,7.64,79.97,lentil
10,148,114,27.12,60.11,6.67,65.78,grapes
63,53,37,26.57,89.12,5.16,162.73,rice
102,60,50,29.29,68.52,6.31,51.9,watermelon
20,57,33,19.05,53.09,7.65,70.61,lentil
29,108,121,23.35,69.81,6.23,241.17,apple
38,103,140,26.68,77.61,5.6,78.67,grapes
27,68,27,23.58,25.59,7.34,53.82,chickpea
97,40,29,26.24,55.85,6.89,77.84,maize
86,80,69,28.82,91.53,6.63,123.59,banana
15,51,34,20.21,22.55,6.04,73.52,kidneybeans
23,29,43,18.08,84.72,5.46,127.02,orange
25,25,28,29.01,76.34,5.71,152.03,mango
81,50,53,24.28,84.27,7.27,152.61,jute
46,61,49,31.67,75.84,6.62,126.88,papaya
23,134,142,15.76,68.46,7.16,57.88,grapes
14,113,105,26.49,68.66,6.51,90.86,grapes
23,13,35,25.69,76.64,5.69,202.03,coconut
121,51,35,26.09,59.46,7.92,117.21,cotton
74,42,49,21.13,91.04,5.15,298.03,rice
28,47,24,30.74,44.99,7.07,96.35,pigeonpeas
29,54,20,32.49,51.83,6.41,64.6,blackgram
47,64,35,17.53,27.96,6.3,79.5,chickpea
20,48,26,20.05,30.93,6.64,61.71,lentil
29,55,23,18.46,25.71,5.87,84.2,kidneybeans
14,149,148,24.5,70.19,5.66,175.98,apple
24,19,48,30.1,37.27,6.43,66.82,pomegranate
33,25,40,32.36,57.66,7.44,99.98,pomegranate
99,33,23,21.15,61.82,6.37,193.82,coffee
97,65,47,31.24,63.81,6.06,30.72,muskmelon
28,44,17,20.23,29.97,7.28,79.32,pigeonpeas
118,28,32,18.99,71.42,6.54,211.9,coffee
87,29,22,21.23,70.55,5.13,248.18,coffee
29,41,22,25.04,40.27,5.81,86.9,mango
33,21,40,33.55,38.45,5.96,99.62,pomegranate
24,56,16,28.35,22.35,7.95,70.85,mothbeans
21,48,35,33.85,33.47,7.08,95.66,blackgram
96,43,44,20.75,86.57,5.07,219.84,rice
16,49,26,22.28,38.42,7.93,51.98,lentil
32,58,22,28.18,66.99,6.11,74.28,blackgram
32,51,34,33.21,39.83,7.31,74.92,mothbeans
17,131,130,23.97,79.42,6.2,72.61,grapes
115,42,47,31.65,62.28,7.25,57.88,watermelon
36,40,24,33.01,37.21,6.16,93.02,mungbean
130,48,30,30.95,60.38,6.69,114.51,cotton
43,77,68,26.29,71.72,7.11,160.15,papaya
94,47,52,24.21,73.17,5.84,42.63,watermelon
51,32,45,29.02,75.76,6.5,164.18,mango
106,88,67,34.41,76.12,5.76,145.34,banana
15,58,16,19.93,37.67,5.59,101.97,kidneybeans
32,44,33,32.25,34.5,6.61,93.18,mungbean
80,38,48,26.77,50.86,7.36,30.41,muskmelon
38,15,31,26.28,81.38,6.08,185.04,coconut
27,66,34,22.01,43.9,5.8,65.46,kidneybeans
18,12,46,29.54,40.77,6.36,70.11,pomegranate
27,48,33,31.93,69.49,6.45,83.12,blackgram
42,54,37,31.24,35.25,6.62,60.09,blackgram
108,67,46,34.1,74.46,7.46,92.82,watermelon
72,77,65,25.79,90.31,7.21,237.15,banana
31,16,32,24.75,51.36,6.07,117.31,pomegranate
70,45,57,34.33,94.82,7.42,150.89,jute
53,54,66,28.07,84.36,6.23,178.99,papaya
98,24,26,25.49,87.07,5.1,188.13,coffee
12,13,41,25.64,77.54,5.9,266.14,coconut
36,17,13,26.78,61.77,6.68,83.21,orange
16,23,53,27.3,88.66,6.31,251.75,coconut
115,64,68,25.08,57.95,6.49,90.79,watermelon
38,142,175,20.55,78.01,6.97,196.32,apple
74,42,56,26.81,68.54,7.37,175.09,papaya
77,50,65,34.51,69.03,6.53,60.17,muskmelon
109,36,61,27.53,51.21,6.6,76.76,muskmelon
118,47,29,25.16,46.57,7.85,68.67,cotton
15,148,163,17.54,61.96,5.84,62.74,grapes
100,36,25,27.85,83.11,6.93,186.86,coffee
108,20,37,27.29,89.28,6.88,155.35,coffee
17,135,130,23.98,66.12,5.91,57.79,grapes
13,41,32,20.51,27.18,7.41,53.11,lentil
82,57,45,21.07,75.58,6.51,243.05,rice
47,24,25,24.64,52.22,5.82,97.4,mango
30,42,21,22.25,41.94,6.5,76.19,lentil
13,128,115,17.08,79.84,6.87,160.56,apple
28,38,35,27.5,32.93,6.99,75.72,mungbean
38,8,42,26.07,88.86,6.94,171.13,coconut
90,38,58,24.04,91.53,5.64,284.33,rice
93,60,28,19.55,61.81,5.54,114.86,maize
28,22,48,26.42,57.55,7.06,158.4,mango
33,29,20,21.13,43.76,6.84,112.18,pomegranate
129,64,38,31.91,60.61,6.01,104.52,cotton
29,59,18,28.5,47.12,6.51,38.03,lentil
99,40,67,33.93,69.62,7.01,30.27,muskmelon
20,27,39,18.59,50.39,6.15,93.18,orange
15,119,134,21.19,58.42,7.44,57.67,grapes
39,46,21,32.98,31.42,6.6,41.63,mothbeans
81,56,36,29.79,83.49,7.22,164.64,jute
42,60,36,24.89,27.21,6.94,79.47,kidneybeans
19,45,34,23.65,23.01,5.9,60.88,kidneybeans
83,60,52,33.76,79.46,7.0,114.52,banana
95,65,69,28.83,61.8,7.19,65.61,watermelon
27,40,17,28.22,29.7,7.95,72.91,lentil
13,59,34,19.96,33.98,6.2,47.23,lentil
90,49,37,26.04,75.48,6.02,234.81,jute
34,60,28,21.68,45.13,6.74,119.38,pigeonpeas
52,58,72,24.1,68.79,7.02,131.55,papaya
78,53,66,23.04,67.27,7.16,152.87,papaya
34,18,10,24.94,53.51,6.89,107.61,orange
21,57,20,27.21,35.53,7.29,70.0,mungbean
80,54,32,22.01,61.84,7.49,85.57,maize
98,41,57,27.53,78.67,6.04,39.99,muskmelon
48,31,24,31.78,41.25,7.24,93.87,mango
88,53,44,22.35,91.19,6.62,280.06,rice
34,45,31,25.68,65.9,6.24,66.39,blackgram
89,57,48,24.26,77.14,5.89,229.89,rice
73,54,19,25.36,75.8,6.51,60.38,maize
17,127,102,27.81,62.42,6.04,60.34,grapes
26,48,21,19.82,33.54,6.75,69.03,lentil
108,25,36,24.77,80.93,6.07,235.08,coffee
119,55,18,25.3,72.57,7.17,51.34,cotton
90,51,39,24.56,87.07,6.0,224.95,jute
77,53,63,32.28,88.83,6.93,200.41,banana
46,48,49,24.57,75.37,7.23,124.33,mango
86,49,49,29.74,69.91,6.26,83.17,watermelon
14,13,33,19.59,54.86,5.75,108.17,orange
98,59,44,26.08,75.78,6.01,62.81,watermelon
19,48,32,34.89,51.13,6.74,39.76,mothbeans
37,56,20,30.36,51.58,5.89,118.99,pigeonpeas
109,48,19,29.75,52.52,6.33,97.13,cotton
137,63,28,25.97,58.79,5.97,113.63,cotton
21,122,177,19.44,82.65,6.63,139.83,apple
19,59,24,23.1,36.31,6.77,94.62,kidneybeans
134,53,26,27.3,59.92,5.6,139.28,cotton
55,41,54,29.44,45.24,6.89,100.61,mango
89,57,57,26.24,87.84,5.17,174.24,rice
39,130,173,22.07,81.67,5.63,133.0,apple
35,127,134,18.14,62.79,6.57,51.13,grapes
36,124,156,20.57,85.59,5.97,178.55,apple
27,54,24,34.98,40.54,6.56,96.53,blackgram
28,14,31,27.53,60.39,5.73,78.45,pomegranate
58,60,67,23.32,69.85,6.11,107.34,papaya
97,38,38,24.19,56.7,6.1,102.49,maize
18,29,56,24.67,82.92,5.95,211.62,coconut
37,33,27,31.29,74.1,6.02,129.15,mango
15,120,133,18.49,82.91,5.65,152.68,apple
18,133,133,33.95,53.79,7.45,61.53,grapes
30,34,14,21.51,81.31,6.79,143.96,orange
21,23,37,31.14,44.79,6.63,56.17,pomegranate
30,63,38,24.1,40.83,5.92,139.65,pigeonpeas
30,15,22,21.98,65.06,6.77,67.72,pomegranate
73,88,54,30.76,82.06,5.69,215.21,banana
115,89,65,25.21,93.69,6.35,101.4,banana
27,49,25,25.69,23.15,7.2,47.05,mothbeans
30,64,32,25.83,64.52,6.96,53.44,blackgram
22,40,31,34.09,44.81,7.13,93.82,mungbean
50,73,33,23.74,28.02,7.25,53.56,chickpea
43,53,29,27.5,43.73,7.7,77.96,blackgram
89,56,45,30.21,75.69,6.74,151.82,jute
102,39,38,29.17,68.89,6.33,109.27,cotton
43,49,41,33.96,43.32,5.88,124.08,mango
65,60,57,29.71,67.0,7.41,158.88,papaya
24,34,41,30.87,68.66,5.25,138.87,orange
117,60,15,23.46,74.72,6.2,147.55,cotton
21,22,26,32.07,68.86,6.04,84.64,pomegranate
34,160,120,23.74,65.61,6.09,50.76,grapes
120,74,49,26.48,76.43,6.46,155.09,banana
85,48,37,25.1,58.79,6.12,74.91,maize
14,11,44,30.39,70.91,7.47,218.24,coconut
21,49,16,29.26,49.13,7.61,41.22,mothbeans
28,44,52,29.35,51.94,6.78,108.82,mango
32,41,55,26.12,43.9,7.3,114.99,mango
15,126,132,20.76,77.5,6.62,176.48,apple
81,56,52,31.77,64.28,7.49,66.45,muskmelon
22,58,26,20.09,36.36,7.69,63.99,lentil
27,18,24,29.99,53.36,6.78,73.66,pomegranate
72,61,58,29.87,93.6,6.29,204.08,banana
13,140,123,21.4,78.23,5.73,131.01,apple
14,15,45,23.5,50.15,5.68,139.76,orange
46,78,42,34.71,60.14,7.31,130.73,papaya
13,39,29,25.71,48.48,7.87,66.14,lentil
128,49,28,23.9,49.19,6.96,148.5,cotton
60,40,56,31.38,92.36,5.61,239.54,jute
12,19,28,31.23,92.68,6.9,288.93,coconut
13,39,31,25.4,26.35,7.25,48.9,lentil
30,138,117,15.3,73.01,6.35,231.49,apple
90,54,69,25.56,67.22,7.29,54.07,muskmelon
37,63,29,26.26,53.27,7.53,70.32,blackgram
41,55,26,34.53,58.77,7.86,76.38,blackgram
35,57,18,23.47,34.29,6.0,101.2,pigeonpeas
47,64,27,23.53,36.53,7.69,86.76,chickpea
79,45,42,20.45,92.29,6.63,299.96,rice
129,41,38,32.76,49.91,7.68,77.22,cotton
30,55,31,22.9,46.42,5.68,75.94,pigeonpeas
44,58,21,21.5,36.99,5.61,73.74,kidneybeans
69,36,31,21.32,76.61,6.45,118.09,maize
78,89,41,29.36,79.1,6.78,119.36,banana
108,34,28,27.24,84.75,6.69,207.49,coffee
21,15,11,23.4,81.62,5.6,100.65,orange
48,66,42,26.07,64.48,6.87,166.18,papaya
17,13,59,28.16,80.02,6.54,266.85,coconut
22,41,17,28.15,23.38,6.35,79.37,mothbeans
96,44,38,21.14,90.23,6.24,165.17,rice
23,131,130,29.82,73.53,7.03,86.13,grapes
13,39,25,18.98,30.88,7.89,78.94,lentil
65,42,64,23.98,84.92,6.53,128.16,papaya
49,46,25,17.06,31.19,7.8,59.74,chickpea
33,49,28,20.47,17.22,6.44,73.93,chickpea
27,153,152,19.75,85.64,6.21,230.29,apple
91,61,64,27.37,51.08,7.37,60.71,watermelon
94,43,39,24.45,93.72,6.39,235.51,rice
71,69,42,29.56,63.91,7.45,181.14,papaya
18,59,22,31.62,60.07,7.22,96.74,mungbean
84,35,19,18.37,65.57,6.53,172.67,coffee
77,59,51,23.84,60.11,6.8,110.72,papaya
34,28,25,21.82,37.99,7.32,63.55,pomegranate
31,115,145,20.33,64.14,6.39,147.22,apple
115,24,29,22.33,73.77,6.94,158.5,coffee
25,39,20,32.69,47.02,7.13,51.05,blackgram
87,37,16,20.32,66.57,7.24,103.63,maize
23,25,37,28.29,39.02,5.75,87.07,pomegranate
39,48,24,26.07,53.23,7.25,68.21,pigeonpeas
87,43,66,31.05,68.42,6.8,34.59,muskmelon
15,58,32,32.42,36.71,6.18,44.06,mungbean
27,43,25,34.99,32.2,7.16,54.13,blackgram
115,28,16,25.17,63.31,6.58,141.85,coffee
11,10,51,26.6,86.71,6.93,237.18,coconut
41,43,26,25.4,47.96,7.16,78.55,blackgram
140,40,18,23.87,64.83,7.15,134.79,cotton
91,55,57,34.18,69.36,6.33,95.82,watermelon
17,64,28,24.91,49.33,7.17,86.58,pigeonpeas
107,62,46,33.22,71.81,7.26,138.5,banana
14,121,131,20.11,87.87,6.81,120.18,apple
31,106,173,17.15,66.14,5.77,102.1,apple
18,51,18,27.88,32.05,7.3,53.23,lentil
75,49,79,23.86,63.03,6.17,157.31,papaya
18,57,34,26.77,58.88,6.06,64.33,mungbean
88,58,33,19.37,69.41,6.71,85.45,maize
23,48,33,29.8,30.45,6.24,132.16,pigeonpeas
69,50,36,34.25,83.07,5.59,201.37,jute
24,32,29,21.19,56.98,6.06,155.55,orange
18,25,46,34.08,63.18,7.2,88.54,pomegranate
27,40,29,30.56,44.34,7.37,41.26,mungbean
61,47,36,26.05,84.01,7.23,282.42,jute
79,50,44,23.7,89.95,5.07,187.87,rice
24,40,20,21.38,37.33,6.47,35.88,lentil
37,27,56,26.16,70.87,6.02,191.81,coconut
78,45,50,29.4,77.59,6.62,250.42,jute
23,44,35,29.72,39.1,6.33,66.64,blackgram
24,41,16,25.08,27.54,6.71,130.48,pigeonpeas
15,140,149,27.87,52.64,7.29,69.46,grapes
93,49,56,24.26,52.39,6.34,96.57,watermelon
14,23,13,19.38,64.56,5.76,172.55,orange
63,44,38,26.9,87.47,5.66,159.53,rice
39,56,29,21.03,21.1,5.75,82.28,kidneybeans
33,67,39,18.27,30.26,6.27,80.06,chickpea
86,53,50,25.58,81.14,6.21,224.35,jute
116,65,48,28.22,90.92,6.8,192.13,banana
39,31,51,33.04,62.18,5.86,126.78,mango
94,52,60,29.97,50.96,6.92,65.81,muskmelon
17,22,34,28.57,81.56,7.29,157.66,orange
113,35,31,21.66,69.12,5.02,228.37,coffee
92,16,38,23.86,68.94,5.3,227.84,coffee
106,42,48,25.53,73.87,6.63,41.46,muskmelon
35,53,28,26.56,51.88,6.13,62.64,mungbean
118,61,19,25.45,58.36,7.28,87.59,cotton
38,144,137,20.69,80.78,6.39,231.8,apple
96,41,49,31.09,74.22,7.45,223.22,jute
25,49,18,31.91,36.7,6.47,70.2,mungbean
17,54,31,22.8,53.41,6.81,69.73,lentil
70,63,59,28.22,57.39,6.01,41.77,muskmelon
81,50,30,18.82,76.94,6.03,67.77,maize
20,60,17,21.64,44.15,6.7,76.78,lentil
39,18,57,27.26,94.97,6.66,156.34,coconut
20,74,38,19.83,22.41,6.7,80.99,chickpea
35,62,24,22.16,20.25,6.45,105.66,kidneybeans
76,48,54,33.65,72.59,6.27,266.42,jute
71,67,66,27.32,72.36,7.02,190.9,banana
15,56,21,34.27,53.95,7.14,37.15,mothbeans
109,47,40,31.87,55.14,5.71,54.25,watermelon
73,51,44,33.7,80.4,6.94,237.74,banana
34,45,35,27.38,38.98,7.01,63.04,blackgram
98,38,53,33.36,93.86,5.92,225.59,jute
15,55,21,25.4,53.73,6.3,127.18,pigeonpeas
89,40,36,25.89,69.91,6.07,137.82,coffee
24,48,28,27.59,42.66,6.17,65.16,blackgram
17,123,169,29.49,62.11,5.93,67.8,grapes
18,114,101,17.61,59.28,5.73,99.29,grapes
80,67,67,22.49,78.17,6.73,110.58,papaya
28,15,45,27.48,78.93,5.89,114.58,mango
23,50,35,32.69,33.93,7.66,38.54,mothbeans
99,41,52,26.09,79.75,6.46,205.17,rice
38,55,28,21.45,34.43,6.8,109.04,kidneybeans
19,128,131,32.27,77.88,6.11,93.2,grapes
108,62,62,24.0,78.62,7.13,94.24,watermelon
35,37,27,18.25,80.16,5.44,142.19,orange
110,63,17,27.56,60.97,7.75,149.77,cotton
40,66,38,21.02,27.97,6.37,78.56,kidneybeans
25,42,35,23.43,37.98,6.87,86.6,pigeonpeas
31,58,15,22.61,44.85,6.47,60.43,pigeonpeas
48,47,43,19.81,17.54,6.97,60.27,chickpea
31,29,47,29.01,53.55,5.56,67.27,pomegranate
30,151,101,23.06,77.22,6.98,77.14,grapes
36,22,31,25.52,93.16,5.56,219.38,coconut
102,72,61,27.69,89.13,6.37,172.63,banana
17,21,42,25.68,45.6,6.42,107.26,pomegranate
81,50,54,23.45,77.55,5.57,204.46,rice
110,60,66,34.02,93.58,6.54,201.56,banana
75,66,47,30.26,91.53,5.66,110.89,banana
78,78,53,26.2,77.99,6.68,110.83,banana
109,48,29,33.55,54.78,5.83,98.93,cotton
117,58,60,28.42,77.27,6.78,86.15,watermelon
20,41,21,31.43,54.04,7.04,61.75,mungbean
49,38,45,27.11,55.12,5.71,151.9,mango
12,18,36,26.54,61.2,7.16,103.99,pomegranate
102,40,41,31.29,79.28,6.5,35.93,muskmelon
16,22,30,29.34,79.37,7.27,130.92,orange
69,36,15,26.89,65.69,6.27,100.78,maize
100,87,59,28.56,87.24,6.19,141.59,banana
99,36,35,27.16,68.94,6.9,139.72,coffee
92,58,46,28.02,90.06,6.56,252.67,jute
31,51,16,31.39,33.26,6.87,64.63,blackgram
19,40,30,27.53,50.29,6.21,36.3,mothbeans
91,35,49,31.77,64.52,7.47,73.71,muskmelon
38,53,37,25.5,40.28,6.93,61.35,blackgram
32,146,107,25.28,56.95,5.86,90.52,grapes
24,115,140,15.61,53.95,7.27,87.58,grapes
123,62,35,33.63,45.35,7.91,97.35,cotton
13,160,110,16.45,76.36,6.1,82.51,grapes
16,50,18,20.27,35.81,7.07,105.29,pigeonpeas
20,38,47,21.39,77.94,6.08,171.75,orange
39,59,23,32.28,32.1,7.34,70.27,mothbeans
38,43,54,31.2,49.14,6.05,111.48,mango
88,21,21,21.95,79.61,5.88,220.88,coffee
55,21,38,30.66,67.67,6.27,166.91,mango
28,46,24,18.92,45.12,7.64,46.01,lentil
22,43,24,32.62,24.41,6.39,77.57,mothbeans
29,47,33,25.73,41.22,6.52,86.95,mungbean
71,55,42,26.72,78.32,6.18,192.4,papaya
10,34,24,26.13,52.59,5.44,168.97,orange
102,51,58,30.8,77.75,5.67,113.64,banana
12,25,54,25.9,78.09,6.46,239.5,coconut
25,21,58,31.62,72.05,6.3,113.63,mango
34,39,32,32.95,36.53,6.21,57.28,blackgram
65,58,37,22.67,69.78,6.3,63.29,maize
84,43,61,32.69,57.34,6.07,72.44,muskmelon
30,60,18,34.35,60.06,7.88,83.83,blackgram
83,17,25,26.15,86.65,5.49,194.67,coffee
73,83,36,28.04,83.56,5.8,211.95,banana
22,10,17,27.14,71.42,6.97,105.39,orange
13,60,31,21.38,27.1,6.11,40.42,lentil
67,47,25,26.23,64.06,6.66,97.94,maize
28,43,24,31.45,59.81,6.35,64.32,mungbean
119,57,21,24.86,73.42,7.89,149.05,cotton
113,64,20,26.05,60.3,7.66,91.67,cotton
64,52,36,30.8,73.52,7.39,289.96,jute
39,40,31,28.34,59.23,6.63,74.7,mungbean
28,60,31,18.5,37.07,5.86,95.7,kidneybeans
38,60,27,21.52,32.22,7.75,75.45,chickpea
39,45,18,31.72,59.17,6.86,52.41,mungbean
12,21,35,22.17,50.47,6.17,86.53,pomegranate
28,45,28,23.16,38.13,6.62,69.3,lentil
20,49,20,27.53,39.59,6.67,39.81,lentil
86,42,59,25.9,86.09,6.22,212.94,rice
90,67,43,34.81,75.81,6.88,96.32,watermelon
115,23,30,18.77,67.74,5.19,160.97,coffee
29,20,29,32.18,65.35,6.85,53.29,pomegranate
21,37,15,19.23,37.31,7.87,63.68,lentil
27,57,16,25.49,45.45,6.71,65.78,blackgram
34,132,126,17.73,76.63,6.44,93.91,grapes
42,46,24,33.05,48.4,6.29,111.66,mango
84,36,50,21.36,76.3,6.9,294.84,rice
104,17,33,27.95,84.57,6.11,183.02,coffee
111,88,63,30.64,82.33,5.58,247.65,banana
126,39,19,25.21,74.21,6.49,109.9,cotton
111,34,35,18.04,75.04,6.41,140.2,coffee
33,58,35,24.54,21.02,6.24,57.9,chickpea
39,29,31,25.45,84.14,6.77,260.91,coconut
29,50,32,30.77,43.82,7.2,72.42,mungbean
34,63,26,23.1,38.03,6.95,60.72,pigeonpeas
95,85,43,24.86,78.91,7.0,182.6,banana
90,58,37,30.5,94.73,5.83,107.0,banana
22,46,25,18.09,37.68,7.44,54.92,lentil
17,53,22,25.07,46.14,6.35,89.13,mungbean
77,57,75,27.84,89.38,7.44,132.91,papaya
41,56,19,18.09,33.99,6.29,95.97,kidneybeans
113,43,55,31.67,67.6,7.17,44.34,watermelon
34,27,44,31.74,94.9,5.73,277.43,coconut
42,62,29,18.78,31.18,6.19,103.23,kidneybeans
85,57,30,20.1,55.61,7.24,61.28,maize
31,45,34,34.7,79.19,6.04,84.1,mango
14,128,175,18.72,79.34,7.49,77.78,grapes
19,41,23,27.41,43.53,7.65,63.65,mothbeans
79,72,46,25.61,69.89,6.98,175.7,papaya
27,17,40,22.33,82.27,6.64,123.64,orange
80,56,51,21.3,76.41,6.28,153.98,rice
20,9,45,29.32,87.82,7.26,205.68,coconut
41,42,20,30.05,60.75,6.12,78.84,blackgram
19,55,24,27.56,42.86,7.77,53.49,lentil
81,55,55,27.54,53.96,6.25,80.34,watermelon
24,40,54,26.83,40.84,5.95,85.65,mango
37,32,35,28.0,42.09,6.87,123.62,mango
17,62,25,26.5,54.04,5.63,111.87,pigeonpeas
18,12,36,20.86,38.87,5.94,82.5,pomegranate
32,41,30,32.6,42.5,6.62,52.58,mungbean
23,56,30,18.51,35.56,6.97,69.51,kidneybeans
25,54,25,29.83,49.34,6.72,72.99,mothbeans
36,15,35,25.88,83.31,5.73,232.39,coconut
39,46,30,24.97,41.39,6.28,63.18,kidneybeans
74,59,43,24.15,89.06,5.73,295.77,rice
27,43,17,34.53,32.41,6.45,57.88,mungbean
97,46,59,27.71,92.06,5.59,207.76,rice
17,29,42,28.66,57.67,5.56,93.27,pomegranate
114,21,25,22.99,76.0,6.32,125.41,coffee
14,42,28,29.59,52.47,7.01,70.78,lentil
11,46,20,25.5,45.36,6.22,60.42,mothbeans
24,56,21,22.3,52.55,5.7,100.48,pigeonpeas
17,10,42,20.49,55.83,6.58,117.82,pomegranate
35,38,30,30.31,30.08,6.99,45.0,mothbeans
32,47,37,33.94,43.43,7.23,96.35,blackgram
47,72,57,23.21,74.53,6.14,112.89,papaya
87,41,46,24.19,73.79,5.68,185.96,jute
71,86,42,26.5,76.99,5.75,195.89,banana
49,43,48,30.49,58.0,7.22,175.68,mango
50,47,37,24.87,20.98,6.28,54.86,chickpea
74,53,54,34.38,53.68,6.32,31.48,muskmelon
36,20,40,32.82,57.66,6.48,164.88,mango
35,62,19,32.52,52.73,6.55,73.72,blackgram
102,56,40,29.28,55.92,7.37,38.73,muskmelon
16,61,30,26.76,43.74,7.23,106.95,pigeonpeas
69,59,35,18.8,65.44,7.26,116.68,maize
20,21,35,26.73,66.86,6.0,178.62,orange
12,29,44,26.89,42.83,7.37,74.12,pomegranate
21,40,50,19.61,75.41,5.13,83.02,orange
14,55,32,21.47,53.57,6.1,41.75,lentil
112,57,40,28.72,62.24,5.73,80.57,watermelon
27,45,32,26.45,50.23,6.09,44.27,mungbean
36,10,53,27.66,78.21,5.82,175.14,coconut
23,39,31,26.22,55.4,6.19,44.23,mungbean
23,26,47,26.34,80.52,6.91,295.99,coconut
17,55,34,25.95,35.75,6.67,73.53,mothbeans
36,58,23,25.51,21.38,7.15,49.64,mothbeans
60,78,47,31.36,78.43,7.02,135.12,papaya
30,19,29,24.9,71.81,6.99,256.78,coconut
82,55,57,22.54,77.2,5.46,214.07,rice
70,53,36,25.47,64.93,6.84,72.3,maize
103,52,68,32.55,58.56,7.19,65.94,watermelon
27,120,126,27.9,75.54,6.72,92.66,grapes
75,47,45,31.16,78.9,7.43,290.42,jute
28,22,29,26.16,42.62,7.43,59.14,pomegranate
12,28,49,21.17,53.63,6.11,77.5,pomegranate
25,55,38,20.81,24.4,6.79,68.38,chickpea
82,53,21,26.97,79.37,6.8,71.97,maize
56,33,26,34.14,70.3,6.96,150.92,mango
24,25,24,23.43,65.89,5.54,102.69,pomegranate
21,45,17,26.47,41.92,6.13,94.65,mungbean
132,41,20,26.42,54.54,7.89,128.91,cotton
34,46,23,34.35,40.04,6.18,75.07,mungbean
71,55,23,22.1,55.29,5.64,83.55,maize
42,52,40,18.98,25.05,5.78,104.7,kidneybeans
30,57,36,29.63,53.83,6.57,99.08,pigeonpeas
85,23,29,19.87,84.02,6.94,147.92,coffee
81,39,35,28.65,73.43,5.82,161.54,jute
102,64,35,28.37,47.6,6.98,125.88,cotton
81,27,37,21.62,87.97,6.26,241.44,coffee
109,49,39,33.06,49.36,5.57,143.35,cotton
15,52,19,27.18,50.59,6.5,43.16,mothbeans
87,53,64,29.11,66.13,7.49,63.95,watermelon
95,66,59,28.63,94.04,6.7,221.12,banana
19,45,37,29.0,52.25,7.02,107.77,pigeonpeas
74,36,39,25.95,78.19,7.49,70.43,maize
35,119,119,20.25,65.13,6.99,75.16,grapes
51,31,52,30.8,44.52,5.81,123.7,mango
97,55,51,26.97,91.07,5.37,283.88,rice
27,153,169,19.51,60.46,6.14,190.93,apple
98,88,50,27.6,85.17,7.36,225.54,banana
89,60,44,33.16,87.44,6.88,198.88,jute
34,43,19,25.85,36.33,6.96,72.05,mothbeans
16,113,100,18.01,82.47,6.69,130.37,apple
36,40,34,28.77,43.57,6.09,69.17,mungbean
115,57,38,31.81,51.81,7.72,88.76,cotton
12,11,40,29.84,85.61,5.98,225.49,coconut
78,69,61,33.54,85.66,6.84,118.94,banana
108,52,35,31.99,69.09,7.7,143.77,cotton
37,102,160,22.59,88.59,5.58,189.53,apple
31,27,32,21.34,50.32,5.96,70.38,pomegranate
83,36,48,30.7,74.78,6.05,246.05,jute
44,59,32,18.07,17.02,7.46,69.86,chickpea
35,21,14,27.43,50.27,6.19,99.28,orange
31,36,24,33.26,58.06,6.92,52.76,blackgram
123,60,20,32.2,62.88,7.73,67.2,cotton
23,46,36,21.86,28.67,6.46,65.64,chickpea
97,57,41,25.28,91.34,6.11,229.45,rice
118,26,35,27.42,86.31,5.42,184.48,coffee
57,43,41,31.04,73.15,6.83,155.77,papaya
39,47,17,27.19,43.71,6.8,81.39,pigeonpeas
80,45,55,32.4,73.35,5.68,286.22,jute
89,48,45,31.9,73.1,6.42,82.85,watermelon
31,47,33,17.54,35.01,6.47,71.6,chickpea
64,50,60,21.12,85.37,6.75,261.12,rice
37,36,40,25.89,54.2,6.33,115.68,orange
43,57,30,32.98,64.57,6.91,73.76,blackgram
119,52,58,28.87,93.72,5.99,179.81,banana
84,46,55,24.22,57.59,6.53,40.9,watermelon
37,52,17,24.65,49.11,7.3,76.28,pigeonpeas
112,55,29,27.67,61.2,5.99,93.07,cotton
81,31,25,24.73,77.66,5.45,230.14,coffee
85,41,37,24.01,85.21,6.22,262.85,jute
36,39,32,25.13,50.47,7.15,96.09,mungbean
111,71,45,24.68,74.06,7.29,202.9,banana
24,52,25,29.18,44.31,6.89,74.54,mungbean
82,39,22,26.73,71.66,5.24,130.46,coffee
23,147,154,27.7,77.29,5.54,77.85,grapes
28,32,50,32.47,59.98,6.11,177.37,mango
86,60,40,26.69,50.91,6.49,75.41,muskmelon
17,144,105,24.55,65.79,6.82,221.42,apple
126,46,22,29.51,73.01,5.59,126.92,cotton
103,64,50,31.88,54.06,6.08,48.68,watermelon
92,46,38,28.77,81.43,6.6,165.84,jute
15,43,18,25.87,26.19,7.2,74.14,lentil
22,33,47,23.79,64.83,6.76,174.28,orange
96,59,37,25.29,71.38,6.6,65.22,maize
59,50,68,29.35,62.32,6.24,138.8,papaya
27,26,37,31.11,58.17,6.21,106.62,pomegranate
72,45,71,22.89,60.38,7.35,158.13,papaya
48,23,22,26.21,47.15,6.18,121.84,mango
30,60,29,20.92,48.96,6.21,70.13,lentil
72,52,74,31.87,68.91,6.64,118.6,papaya
131,48,37,23.96,53.37,5.73,71.09,cotton
26,47,22,19.3,51.28,7.57,42.57,lentil
121,47,39,26.36,68.36,7.64,93.56,cotton
20,25,41,34.86,44.73,6.5,73.07,pomegranate
39,29,54,26.91,71.82,6.64,233.8,coconut
77,53,21,18.99,63.87,6.07,77.78,maize
83,42,54,21.5,81.47,5.85,226.14,rice
93,23,30,19.84,68.55,5.83,165.97,coffee
23,46,30,30.74,43.35,7.55,73.11,mothbeans
26,37,49,34.25,51.15,7.4,86.33,mango
28,112,120,18.47,78.74,7.21,61.52,grapes
128,53,18,34.52,48.69,6.14,131.36,cotton
11,9,45,29.63,75.06,6.84,177.37,coconut
67,37,34,23.17,76.05,5.78,107.72,maize
77,38,58,25.94,72.63,6.03,42.47,muskmelon
95,64,50,32.03,56.68,6.39,55.6,muskmelon
37,25,34,27.91,79.15,5.3,161.01,orange
26,39,21,31.64,53.79,6.1,74.52,mothbeans
16,40,26,31.46,31.82,7.42,90.53,mungbean
108,49,27,22.24,49.44,6.45,118.37,cotton
20,29,43,31.11,78.11,6.07,143.49,orange
47,18,57,30.25,54.55,7.01,105.74,mango
61,37,52,20.57,81.38,6.69,153.49,rice
76,47,31,25.86,79.6,7.04,85.07,maize
21,56,21,23.86,50.44,6.96,67.63,pigeonpeas
35,32,33,25.56,48.55,5.71,148.31,mango
40,60,35,23.95,29.27,6.06,87.24,chickpea
80,40,37,25.89,94.61,6.44,280.1,jute
40,19,15,25.64,80.03,6.7,109.61,orange
40,30,36,26.54,45.45,5.89,85.53,mango
14,143,135,23.07,54.11,6.51,56.33,grapes
64,40,36,22.6,82.77,5.54,274.31,rice
82,86,35,26.22,93.98,6.73,139.25,banana
115,34,20,24.94,78.08,5.37,155.52,coffee
80,78,49,28.57,81.73,6.24,115.09,banana
16,52,38,21.26,47.93,6.32,112.41,pigeonpeas
22,16,40,19.78,53.64,6.78,100.88,orange
44,72,44,23.3,22.89,7.38,67.5,chickpea
89,55,56,29.92,66.95,7.4,94.13,watermelon
11,49,27,25.83,32.67,6.73,72.97,lentil
83,27,40,25.7,88.86,6.56,233.73,coffee
13,43,20,22.47,32.64,6.98,53.33,lentil
26,104,117,19.86,62.58,6.76,207.7,apple
91,52,56,34.33,84.5,5.97,209.79,jute
30,54,25,27.27,56.66,6.12,66.51,mungbean
44,55,16,18.22,29.7,5.74,61.17,kidneybeans
108,18,31,20.8,60.86,5.83,176.36,coffee
75,53,80,24.05,75.49,7.19,143.26,papaya
44,65,23,19.71,38.2,6.45,64.89,chickpea
37,34,22,25.63,57.84,6.11,128.42,orange
98,46,49,24.47,69.01,6.0,58.25,watermelon
97,58,55,33.94,78.09,7.21,61.78,muskmelon
95,48,38,25.19,79.95,6.2,106.03,maize
111,43,21,31.22,47.54,7.35,119.34,cotton
21,49,24,20.82,36.09,6.43,117.82,pigeonpeas
128,65,25,30.12,73.89,7.58,96.36,cotton
37,21,28,25.08,73.89,6.76,260.31,coconut
19,47,26,30.7,38.4,7.11,41.51,mungbean
27,40,32,22.23,46.68,6.64,75.77,lentil
70,44,60,28.12,89.02,6.41,269.0,jute
23,38,27,34.38,43.16,6.15,47.73,mothbeans
109,17,27,26.28,73.54,5.3,248.05,coffee
105,41,20,29.24,68.61,6.29,58.47,cotton
19,11,27,31.71,42.04,5.66,83.21,pomegranate
23,56,21,20.17,47.93,6.75,120.98,pigeonpeas
18,6,55,30.91,84.91,6.65,271.97,coconut
44,74,64,34.49,80.11,6.26,147.38,papaya
106,20,23,19.32,71.49,5.41,203.72,coffee
32,35,23,26.1,56.3,7.37,117.73,mango
97,59,39,22.27,76.55,7.19,79.15,maize
94,33,28,22.69,75.34,6.27,205.8,coffee
125,60,28,26.9,72.66,5.59,135.61,cotton
85,68,64,25.99,62.2,6.21,87.46,watermelon
29,59,27,20.15,25.27,6.21,134.1,pigeonpeas
64,55,38,30.55,78.57,5.95,245.92,jute
24,21,40,23.5,65.25,6.12,98.59,pomegranate
91,43,50,31.87,92.23,7.17,241.25,jute
18,41,21,33.09,65.02,6.45,91.52,mungbean
75,63,71,25.23,80.35,7.35,138.57,papaya
106,63,64,29.43,56.16,6.97,81.98,watermelon
26,54,32,28.43,30.15,6.5,92.96,pigeonpeas
95,54,41,34.68,71.48,6.15,59.12,watermelon
62,49,33,25.84,72.85,7.1,80.37,maize
52,27,46,26.7,44.37,7.09,89.9,mango
23,116,131,22.76,58.61,6.04,93.05,grapes
40,46,22,29.01,34.61,7.32,64.89,mungbean
82,57,33,25.26,71.47,6.88,110.95,maize
34,48,37,27.04,63.06,7.12,52.73,blackgram
17,112,113,22.77,66.87,6.29,167.73,apple
120,63,34,31.5,46.39,6.87,96.7,cotton
14,22,49,27.55,37.9,6.74,73.82,pomegranate
84,39,25,26.72,61.45,6.81,79.51,maize
29,39,29,29.44,67.77,6.24,173.04,orange
14,38,34,18.26,49.08,7.58,48.37,lentil
27,27,58,29.4,83.72,5.51,156.0,coconut
42,75,43,22.14,25.53,7.27,81.43,chickpea
35,50,44,23.8,31.73,6.92,66.47,chickpea
34,56,28,34.9,54.45,6.74,88.61,blackgram
35,63,39,31.52,40.64,7.45,120.58,pigeonpeas
68,40,16,22.25,69.12,5.63,106.53,maize
34,140,109,28.9,63.25,7.39,57.08,grapes
36,73,21,17.98,26.3,7.87,62.65,chickpea
102,52,63,28.33,74.94,6.41,57.3,muskmelon
15,40,30,21.84,40.18,6.33,78.19,lentil
29,48,37,17.5,27.74,7.99,82.56,chickpea
82,64,48,27.03,63.26,6.09,78.92,muskmelon
51,51,45,23.48,70.43,7.14,160.8,papaya
14,12,11,26.8,72.04,7.47,119.8,orange
28,44,18,28.67,33.98,7.53,98.31,blackgram
69,80,45,22.64,80.83,7.25,184.63,papaya
77,43,45,30.63,95.0,6.49,181.27,jute
37,41,47,33.17,50.0,6.72,138.52,mango
25,20,27,31.01,81.88,6.79,168.47,orange
82,62,66,30.58,59.74,6.44,31.67,muskmelon
30,55,28,22.17,20.25,6.2,108.17,kidneybeans
22,105,107,26.82,67.98,6.34,71.59,grapes
53,67,49,27.46,65.65,6.01,197.01,papaya
21,49,28,18.2,53.81,6.09,41.44,lentil
29,101,158,23.36,71.97,6.17,227.69,apple
24,55,26,27.61,57.8,6.85,87.77,mungbean
95,50,53,20.16,94.4,6.66,181.85,rice
24,52,16,31.9,42.64,6.08,76.59,mungbean
11,22,49,19.41,64.83,5.77,170.51,orange
35,144,117,17.91,59.49,7.45,62.84,grapes
94,34,39,21.71,84.88,5.38,224.93,coffee
27,154,138,24.45,66.43,5.61,233.72,apple
38,25,36,31.86,87.72,5.62,155.27,coconut
44,17,56,29.83,66.77,7.16,95.03,mango
97,52,47,25.02,89.77,5.65,160.29,jute
21,33,31,27.86,59.1,7.35,133.01,orange
100,44,18,23.34,47.32,6.98,68.93,cotton
23,56,18,32.05,59.68,7.02,55.14,mungbean
20,49,21,29.17,45.07,7.31,94.32,mungbean
24,146,121,24.62,79.76,6.87,92.07,grapes
18,63,29,18.68,26.05,5.52,83.44,kidneybeans
26,50,17,25.88,36.87,6.78,52.84,mungbean
93,38,68,26.41,56.75,6.84,68.2,muskmelon
103,48,42,32.86,61.31,6.15,61.69,muskmelon
39,49,20,34.67,58.61,7.91,71.36,blackgram
23,133,126,29.41,69.31,6.17,87.74,grapes
43,69,61,33.71,69.39,6.86,150.08,papaya
21,26,42,26.39,46.68,6.13,104.18,pomegranate
118,55,62,28.52,60.65,6.31,64.55,watermelon
101,41,44,31.76,66.8,7.18,66.94,muskmelon
73,52,50,26.55,75.47,6.78,76.66,muskmelon
102,39,61,29.35,58.84,6.08,54.36,muskmelon
118,17,37,21.04,75.0,5.84,142.34,coffee
39,106,147,21.26,76.14,6.49,117.43,apple
35,23,39,21.77,53.51,5.88,120.3,orange
91,43,43,27.2,68.43,7.11,93.96,watermelon
63,54,37,33.69,77.61,6.81,223.13,jute
79,56,44,26.93,94.62,7.32,154.35,jute
37,30,24,25.61,79.42,7.21,96.04,orange
117,58,66,31.75,81.35,6.58,227.44,banana
21,56,33,33.36,68.98,7.95,53.26,blackgram
11,143,172,22.96,77.51,6.51,248.53,apple
15,11,41,25.86,84.72,7.35,262.21,coconut
70,60,72,27.68,63.72,6.85,195.23,papaya
59,46,33,30.47,73.89,6.38,81.8,mango
111,69,54,27.35,74.55,5.67,207.12,banana
22,43,15,33.27,48.03,6.21,58.84,mothbeans
10,11,20,19.6,68.67,7.14,153.68,orange
55,78,64,26.48,78.77,7.37,127.4,papaya
107,46,34,30.55,62.43,6.82,134.34,cotton
66,41,39,21.49,80.7,5.35,284.51,rice
117,55,62,26.91,93.34,6.94,213.07,banana
37,37,23,26.0,20.58,7.32,60.12,mothbeans
13,46,18,26.4,47.77,6.21,57.78,lentil
105,62,67,30.42,69.39,6.82,32.56,muskmelon
16,19,49,28.26,80.86,6.27,276.25,coconut
80,65,52,27.9,78.02,7.43,196.24,banana
40,58,42,18.42,32.32,7.68,87.78,chickpea
34,65,29,19.03,40.28,6.45,79.41,kidneybeans
18,54,22,24.76,31.15,7.48,37.35,lentil
21,46,36,24.87,39.83,6.78,72.1,kidneybeans
82,42,56,31.39,94.27,6.01,222.87,jute
77,81,68,34.42,79.23,5.77,177.76,banana
100,50,59,30.03,64.75,6.26,43.94,muskmelon
29,12,45,26.42,55.86,5.68,73.62,pomegranate
30,137,168,19.8,86.11,6.04,239.01,apple
39,6,51,31.67,91.56,5.84,199.02,coconut
21,37,30,24.99,30.6,6.38,43.29,lentil
62,61,73,34.76,72.33,7.15,109.98,papaya
36,58,17,28.86,22.49,6.42,41.47,mothbeans
30,56,20,28.67,45.64,7.95,97.73,blackgram
29,29,54,27.41,86.12,5.85,234.08,coconut
25,50,21,22.89,31.6,6.95,83.77,chickpea
90,25,34,22.93,86.68,5.69,168.01,coffee
44,45,64,26.48,61.05,6.81,138.78,papaya
44,58,26,21.2,25.22,6.05,78.49,kidneybeans
35,65,34,24.72,42.72,6.82,66.28,pigeonpeas
17,19,32,23.57,73.61,5.14,92.39,orange
31,69,17,20.56,25.63,5.79,67.04,kidneybeans
21,156,135,20.39,73.38,6.35,170.58,apple
47,17,36,34.6,61.56,6.08,92.03,mango
85,48,51,32.98,65.72,6.86,72.65,muskmelon
105,26,17,22.89,84.4,5.2,129.05,coffee
59,16,39,27.67,57.96,6.64,123.56,mango
113,52,43,24.68,51.54,6.26,60.23,watermelon
75,37,54,24.47,83.48,6.81,166.68,rice
117,24,33,22.42,79.66,5.68,161.93,coffee
23,21,50,24.24,72.68,5.53,145.71,mango
40,56,35,28.58,42.79,5.61,96.38,pigeonpeas
17,64,25,23.76,41.26,5.82,92.87,kidneybeans
44,38,19,34.61,51.5,6.03,62.88,blackgram
42,51,27,26.07,55.98,7.74,91.41,blackgram
81,70,64,31.71,89.73,6.2,160.7,banana
20,47,28,29.35,42.39,7.08,37.26,lentil
19,45,26,20.07,32.15,6.37,62.19,kidneybeans
90,58,53,33.99,90.11,5.63,203.89,banana
28,136,113,17.47,79.4,6.29,61.37,grapes
28,49,24,29.94,48.68,6.12,133.1,pigeonpeas
15,57,17,25.88,52.21,6.34,78.57,lentil
13,27,31,29.91,51.48,5.9,92.12,pomegranate
110,54,27,32.17,54.28,7.11,138.22,cotton
44,63,42,18.65,17.8,6.54,52.28,chickpea
76,44,21,24.51,67.4,5.66,73.21,maize
34,159,128,20.99,88.11,5.75,207.65,apple
24,62,23,28.72,60.39,6.68,97.6,blackgram
11,102,159,18.18,83.89,6.15,167.95,apple
52,17,60,25.43,71.84,6.29,129.22,mango
81,68,57,32.47,72.6,7.42,233.53,banana
19,142,166,22.31,89.68,5.91,231.25,apple
107,52,40,25.78,68.83,6.73,53.98,cotton
86,39,59,27.63,93.3,5.74,152.32,rice
34,65,21,31.81,58.64,7.21,54.43,blackgram
90,63,56,29.88,67.35,7.03,35.34,muskmelon
86,62,54,32.61,72.39,6.71,81.18,watermelon
67,36,49,29.99,75.13,6.89,261.17,jute
94,50,54,27.68,53.22,5.79,42.01,watermelon
114,34,21,25.68,60.38,5.43,128.47,coffee
35,63,39,18.4,27.56,6.8,55.85,chickpea
82,29,17,27.96,86.92,5.04,231.62,coffee
36,40,18,34.63,34.32,6.72,75.13,mungbean
16,120,138,21.62,72.65,6.16,56.91,grapes
117,39,22,20.13,62.42,6.12,121.77,coffee
37,50,31,29.3,59.99,7.37,74.33,mungbean
39,129,158,18.71,65.53,6.16,124.86,apple
21,155,111,28.43,50.13,7.35,55.63,grapes
10,13,33,31.77,88.18,6.2,163.93,coconut
19,49,23,26.6,25.98,6.84,67.86,mothbeans
69,59,23,19.64,74.74,6.82,89.89,maize
33,30,37,27.29,74.14,5.91,254.01,coconut
30,14,26,30.14,49.18,7.36,56.23,pomegranate
86,18,18,19.14,67.22,5.61,245.01,coffee
70,57,55,31.86,92.92,6.91,200.77,banana
35,59,29,20.8,48.0,6.67,122.56,pigeonpeas
35,55,25,32.01,46.43,7.01,50.37,blackgram
80,36,42,27.27,79.79,5.29,223.42,rice
32,46,18,21.98,25.06,6.94,118.59,pigeonpeas
23,33,59,31.63,42.84,5.88,157.13,mango
10,17,31,28.15,37.55,7.08,65.24,pomegranate
32,100,148,33.32,58.64,5.87,82.58,grapes
16,139,170,22.48,86.06,6.3,212.78,apple
20,54,28,29.46,68.68,7.14,93.17,blackgram
36,17,29,19.86,63.83,5.44,116.36,orange
84,42,31,21.68,68.8,6.37,77.67,maize
100,36,46,28.97,77.52,6.64,172.5,jute
110,50,45,30.13,74.42,7.17,69.43,muskmelon
30,67,27,22.92,44.82,5.7,73.74,kidneybeans
31,111,120,31.21,78.42,5.77,74.88,grapes
25,40,35,20.83,39.23,6.62,110.27,pigeonpeas
81,35,52,28.66,82.77,5.93,232.77,jute
14,31,18,30.01,52.05,5.54,179.86,orange
84,76,59,33.58,78.56,7.04,184.2,banana
55,29,41,24.54,40.09,5.99,148.06,mango
17,112,174,32.05,73.25,6.29,75.22,grapes
18,56,32,19.19,27.72,6.53,74.36,lentil
